-- phpMyAdmin SQL Dump
-- version 5.2.2
-- https://www.phpmyadmin.net/
--
-- Host: localhost:3306
-- Generation Time: Jul 17, 2025 at 10:48 PM
-- Server version: 8.4.3
-- PHP Version: 8.3.16

SET SQL_MODE = "NO_AUTO_VALUE_ON_ZERO";
START TRANSACTION;
SET time_zone = "+00:00";


/*!40101 SET @OLD_CHARACTER_SET_CLIENT=@@CHARACTER_SET_CLIENT */;
/*!40101 SET @OLD_CHARACTER_SET_RESULTS=@@CHARACTER_SET_RESULTS */;
/*!40101 SET @OLD_COLLATION_CONNECTION=@@COLLATION_CONNECTION */;
/*!40101 SET NAMES utf8mb4 */;

--
-- Database: `comunidades_v5`
--

-- --------------------------------------------------------

--
-- Table structure for table `action_lines`
--

CREATE TABLE `action_lines` (
  `id` bigint UNSIGNED NOT NULL,
  `name` varchar(500) COLLATE utf8mb4_unicode_ci NOT NULL,
  `program_id` bigint UNSIGNED NOT NULL,
  `created_at` timestamp NULL DEFAULT NULL,
  `updated_at` timestamp NULL DEFAULT NULL
) ENGINE=InnoDB DEFAULT CHARSET=utf8mb4 COLLATE=utf8mb4_unicode_ci;

--
-- Dumping data for table `action_lines`
--

INSERT INTO `action_lines` (`id`, `name`, `program_id`, `created_at`, `updated_at`) VALUES
(1, 'Linea de acción 1', 1, '2025-07-17 20:25:24', '2025-07-17 20:25:24'),
(2, 'Linea de accion 2', 4, '2025-07-17 20:25:35', '2025-07-17 20:25:35'),
(3, 'Linea de accion 3', 2, '2025-07-17 20:25:45', '2025-07-17 20:25:45'),
(4, 'Linea de accion 4', 3, '2025-07-17 20:25:58', '2025-07-17 20:25:58');

-- --------------------------------------------------------

--
-- Table structure for table `activities`
--

CREATE TABLE `activities` (
  `id` bigint UNSIGNED NOT NULL,
  `name` varchar(255) COLLATE utf8mb4_unicode_ci NOT NULL,
  `specific_objective_id` bigint UNSIGNED NOT NULL,
  `description` text COLLATE utf8mb4_unicode_ci,
  `goals_id` bigint UNSIGNED NOT NULL,
  `created_by` bigint UNSIGNED NOT NULL,
  `created_at` timestamp NULL DEFAULT NULL,
  `updated_at` timestamp NULL DEFAULT NULL
) ENGINE=InnoDB DEFAULT CHARSET=utf8mb4 COLLATE=utf8mb4_unicode_ci;

--
-- Dumping data for table `activities`
--

INSERT INTO `activities` (`id`, `name`, `specific_objective_id`, `description`, `goals_id`, `created_by`, `created_at`, `updated_at`) VALUES
(1, 'Actividad 1', 2, 'Actividad 1 Descripcion', 2, 1, '2025-07-17 21:02:27', '2025-07-18 00:00:15'),
(2, 'Actividad 2', 2, 'Dexripcion actividad 2', 2, 2, '2025-07-18 00:45:40', '2025-07-18 00:45:40');

-- --------------------------------------------------------

--
-- Table structure for table `activity_calendars`
--

CREATE TABLE `activity_calendars` (
  `id` bigint UNSIGNED NOT NULL,
  `activity_id` bigint UNSIGNED NOT NULL,
  `start_date` date DEFAULT NULL,
  `end_date` date DEFAULT NULL,
  `start_hour` time DEFAULT NULL,
  `end_hour` time DEFAULT NULL,
  `address_backup` text COLLATE utf8mb4_unicode_ci,
  `last_modified` timestamp NULL DEFAULT NULL,
  `cancelled` tinyint(1) NOT NULL DEFAULT '0',
  `change_reason` text COLLATE utf8mb4_unicode_ci,
  `created_by` bigint UNSIGNED NOT NULL,
  `asigned_person` bigint UNSIGNED NOT NULL,
  `created_at` timestamp NULL DEFAULT NULL,
  `updated_at` timestamp NULL DEFAULT NULL
) ENGINE=InnoDB DEFAULT CHARSET=utf8mb4 COLLATE=utf8mb4_unicode_ci;

--
-- Dumping data for table `activity_calendars`
--

INSERT INTO `activity_calendars` (`id`, `activity_id`, `start_date`, `end_date`, `start_hour`, `end_hour`, `address_backup`, `last_modified`, `cancelled`, `change_reason`, `created_by`, `asigned_person`, `created_at`, `updated_at`) VALUES
(1, 1, '2025-07-18', '2025-07-18', '10:09:54', '11:09:59', NULL, NULL, 0, NULL, 1, 2, '2025-07-17 22:10:14', '2025-07-17 22:10:14'),
(2, 1, '2025-07-18', '2025-07-19', '10:13:28', '10:13:31', NULL, NULL, 0, NULL, 1, 2, '2025-07-17 22:13:42', '2025-07-17 22:13:42'),
(3, 2, '2025-07-26', '2025-07-26', '16:13:06', '18:13:10', NULL, NULL, 0, NULL, 2, 1, '2025-07-18 04:13:22', '2025-07-18 04:13:22');

-- --------------------------------------------------------

--
-- Table structure for table `activity_files`
--

CREATE TABLE `activity_files` (
  `id` bigint UNSIGNED NOT NULL,
  `month` varchar(20) COLLATE utf8mb4_unicode_ci DEFAULT NULL,
  `type` varchar(100) COLLATE utf8mb4_unicode_ci DEFAULT NULL,
  `file_path` text COLLATE utf8mb4_unicode_ci,
  `upload_date` timestamp NULL DEFAULT NULL,
  `activity_progress_log_id` bigint UNSIGNED NOT NULL,
  `activity_calendar_id` bigint UNSIGNED DEFAULT NULL,
  `activity_log_id` bigint UNSIGNED NOT NULL,
  `created_at` timestamp NULL DEFAULT NULL,
  `updated_at` timestamp NULL DEFAULT NULL
) ENGINE=InnoDB DEFAULT CHARSET=utf8mb4 COLLATE=utf8mb4_unicode_ci;

--
-- Dumping data for table `activity_files`
--

INSERT INTO `activity_files` (`id`, `month`, `type`, `file_path`, `upload_date`, `activity_progress_log_id`, `activity_calendar_id`, `activity_log_id`, `created_at`, `updated_at`) VALUES
(1, 'Jul', 'PNG', 'activity-files/nueva estructura de bbdd.png', '2025-07-18 04:39:26', 1, NULL, 1, '2025-07-18 04:39:26', '2025-07-18 04:39:26'),
(2, 'Julio', 'PDF', 'activity-files/diagnostico_problematicas_OSC.pdf', '2025-07-18 04:39:26', 1, NULL, 1, '2025-07-18 04:39:26', '2025-07-18 04:39:26'),
(3, 'Julio', 'PNG', 'activity-files/nueva estructura de bbdd.png', '2025-07-18 04:47:28', 1, 1, 1, '2025-07-18 04:47:28', '2025-07-18 04:47:28'),
(4, 'Julio', 'PDF', 'activity-files/diagnostico_problematicas_OSC.pdf', '2025-07-18 04:47:28', 1, 1, 1, '2025-07-18 04:47:28', '2025-07-18 04:47:28');

-- --------------------------------------------------------

--
-- Table structure for table `activity_logs`
--

CREATE TABLE `activity_logs` (
  `id` bigint UNSIGNED NOT NULL,
  `planned_metrics_id` bigint UNSIGNED NOT NULL,
  `created_by` bigint UNSIGNED NOT NULL,
  `created_at` timestamp NULL DEFAULT NULL,
  `updated_at` timestamp NULL DEFAULT NULL
) ENGINE=InnoDB DEFAULT CHARSET=utf8mb4 COLLATE=utf8mb4_unicode_ci;

--
-- Dumping data for table `activity_logs`
--

INSERT INTO `activity_logs` (`id`, `planned_metrics_id`, `created_by`, `created_at`, `updated_at`) VALUES
(1, 1, 1, '2025-07-18 04:39:26', '2025-07-18 04:39:26');

-- --------------------------------------------------------

--
-- Table structure for table `axes`
--

CREATE TABLE `axes` (
  `id` bigint UNSIGNED NOT NULL,
  `name` varchar(500) COLLATE utf8mb4_unicode_ci DEFAULT NULL,
  `created_at` timestamp NULL DEFAULT NULL,
  `updated_at` timestamp NULL DEFAULT NULL
) ENGINE=InnoDB DEFAULT CHARSET=utf8mb4 COLLATE=utf8mb4_unicode_ci;

--
-- Dumping data for table `axes`
--

INSERT INTO `axes` (`id`, `name`, `created_at`, `updated_at`) VALUES
(1, 'Eje 1', '2025-07-17 20:19:27', '2025-07-17 20:19:27'),
(2, 'Eje 2', '2025-07-17 20:20:00', '2025-07-17 20:20:00');

-- --------------------------------------------------------

--
-- Table structure for table `beneficiaries`
--

CREATE TABLE `beneficiaries` (
  `id` bigint UNSIGNED NOT NULL,
  `last_name` varchar(100) COLLATE utf8mb4_unicode_ci DEFAULT NULL,
  `mother_last_name` varchar(100) COLLATE utf8mb4_unicode_ci DEFAULT NULL,
  `first_names` varchar(100) COLLATE utf8mb4_unicode_ci DEFAULT NULL,
  `birth_year` varchar(4) COLLATE utf8mb4_unicode_ci DEFAULT NULL,
  `gender` enum('M','F','Male','Female') COLLATE utf8mb4_unicode_ci DEFAULT NULL,
  `phone` varchar(20) COLLATE utf8mb4_unicode_ci DEFAULT NULL,
  `address_backup` text COLLATE utf8mb4_unicode_ci,
  `identifier` varchar(255) COLLATE utf8mb4_unicode_ci DEFAULT NULL,
  `created_by` bigint UNSIGNED NOT NULL,
  `created_at` timestamp NULL DEFAULT NULL,
  `updated_at` timestamp NULL DEFAULT NULL
) ENGINE=InnoDB DEFAULT CHARSET=utf8mb4 COLLATE=utf8mb4_unicode_ci;

--
-- Dumping data for table `beneficiaries`
--

INSERT INTO `beneficiaries` (`id`, `last_name`, `mother_last_name`, `first_names`, `birth_year`, `gender`, `phone`, `address_backup`, `identifier`, `created_by`, `created_at`, `updated_at`) VALUES
(3, 'Paterno 1', 'Materno 1', 'Nombre 1', '2000', 'Male', '0001234567', NULL, 'PMN12000MAAO', 1, '2025-07-18 03:08:10', '2025-07-18 03:08:10'),
(4, 'Paterno 2', 'Materno 2', 'Nombre 2', '1989', 'F', '0001234567', NULL, 'PMN21989FAAO', 1, '2025-07-18 04:14:59', '2025-07-18 04:14:59'),
(5, 'Paterno 3', 'Materno 3', 'Nombre 3', '2011', 'F', '0001234567', NULL, 'PMN32011FAAO', 1, '2025-07-18 04:14:59', '2025-07-18 04:14:59');

-- --------------------------------------------------------

--
-- Table structure for table `beneficiary_registries`
--

CREATE TABLE `beneficiary_registries` (
  `id` bigint UNSIGNED NOT NULL,
  `activity_calendar_id` bigint UNSIGNED NOT NULL,
  `beneficiaries_id` bigint UNSIGNED NOT NULL,
  `data_collectors_id` bigint UNSIGNED NOT NULL,
  `signature` text COLLATE utf8mb4_unicode_ci,
  `created_by` bigint UNSIGNED NOT NULL,
  `created_at` timestamp NULL DEFAULT NULL,
  `updated_at` timestamp NULL DEFAULT NULL
) ENGINE=InnoDB DEFAULT CHARSET=utf8mb4 COLLATE=utf8mb4_unicode_ci;

--
-- Dumping data for table `beneficiary_registries`
--

INSERT INTO `beneficiary_registries` (`id`, `activity_calendar_id`, `beneficiaries_id`, `data_collectors_id`, `signature`, `created_by`, `created_at`, `updated_at`) VALUES
(3, 1, 3, 1, 'data:image/png;base64,iVBORw0KGgoAAAANSUhEUgAAA1AAAACQCAYAAAAGG4oYAAAAAXNSR0IArs4c6QAAEjpJREFUeF7t3Q/MtlVdB/CvIiIO0yHMRNtIA0GoJTqXZiUyRZSZkor/0kEFWqDDLXFUJIGuYP43DFJMoGaZmXPabJqmDjMtZAIqKpr9W9jGUggKU6/fup51d+95ea+H57mfc5/7/lwbY/Ce+5zf+Zxr7/bddV3n3C0uAgQIECBAgAABAgQIEJgkcLdJrTQiQIAAAQIECBAgQIAAgQhQbgICBAgQIECAAAECBAhMFBCgJkJpRoAAAQIECBAgQIAAAQHKPUCAAAECBAgQIECAAIGJAgLURCjNCBAgQIAAAQIECBAgIEC5BwgQIECAAAECBAgQIDBRQICaCKUZAQIECBAgQIAAAQIEBCj3AAECBAgQIECAAAECBCYKCFAToTQjQIAAAQIECBAgQICAAOUeIECAAAECBAgQIECAwEQBAWoilGYECBAgQIAAAQIECBAQoNwDBAgQIECAAAECBAgQmCggQE2E0owAAQIECBAgQIAAAQIClHuAAAECBAgQIECAAAECEwUEqIlQmhEgQIAAAQIECBAgQECAcg8QIECAAAECBAgQIEBgooAANRFKMwIECBAgQIAAAQIECAhQ7gECBAgQIECAAAECBAhMFBCgJkJpRoAAAQIECBAgQIAAAQHKPUCAAAECBAgQIECAAIGJAgLURCjNCBAgQIAAAQIECBAgIEC5BwgQIECAAAECBAgQIDBRQICaCKUZAQIECBAgQIAAAQIEBCj3AAECBAgQIECAAAECBCYKCFAToTQjQIAAAQIECBAgQICAAOUeIECAAAECBAgQIECAwEQBAWoilGYECBAgQIAAAQIECBAQoNwDBAgQIECAAAECBAgQmCggQE2E0owAAQIECBAgQIAAAQIClHuAAAECBAgQIECAAAECEwUEqIlQmhEgQIAAAQIECBAgQECAcg8QIECAAAECBAgQIEBgooAANRFKMwIECBAgQIAAAQIECAhQ7gECBAgQIECAAAECBAhMFBCgJkJpRoAAAQIECBAgQIAAAQHKPUCAAAECBAgQIECAAIGJAgLURCjNCBAgsA2BVw2/rX9cBAgQIECAQOcCAlTnC6h8AgSWXuDaJEcluS7J0UtfrQIJECBAgACBOxUQoNwgBAgQWKzA15IcmuRLSY5Y7FB6J0CAAAECBBYtIEAtWlj/BAisu8AlSU4bEc4b/u1VvnW/I8yfAAECBLoWEKC6Xj7FEyDQgUCFpwpRG9f5Sc7toG4lEiBAgAABApsICFBuCwIECCxW4OHj90+zo7wgyR8udtiF9v7YJI9LclCS45PclOTgJFeOc/3QEBK/u9AKdE6AAAECBBoJCFCN4A1LgMBaCXxvbrZ3JHlCkk92orBfkicmOWMMTHsr+3+S/FmSbya5Zmx8yPBvry/uTc6fEyBAgMDSCwhQS79ECiRAYAUErk9y5Nw8/jnJI8aQscxTrFcQT09yzA4U+bEkx+5AP7ogQIAAAQLNBASoZvQGJkBgjQROHLYyf3eSe83N+aokj09ST6SW8froWN9O1SZA7ZSkfggQIECgmYAA1YzewAQIrJnAryW5YJM5Xzw8hfqVJbR4XZKz9lJXffv0hbHNvknq26i6bk3y3iTf8grfEq6skggQIEBgWwIC1Lb4/JgAAQKTBerpU30XdMImvzg1yTsm97T4hm9KcuYmw9Q27LVRxFfupITDk9yw+BKNQIAAAQIE2ggIUG3cjUqAwHoK3H/YhOFTww58h81N/7ZxU4m/WQKWU5JcNldHvX747CWoTQkECBAgQKC5gADVfAkUQIDAmgnUxhEfT3LA3Ly/PYaozzb0ePTwzVN9p7T/TA316uFrGtZkaAIECBAgsFQCAtRSLYdiCBBYE4EnJ3lPknvPzbe+J3rM8O3RfzRweFiSegJ2v3Hs2nr9oiRnN6jFkAQIECBAYGkFBKilXRqFESCw4gK/meTXh40l7jE3z6uTHJfk5l2cfx2IW+M+eGbMCngnJ6kznVwECBAgQIDAKCBAuRUIECDQRqD+/n3FsLX5b28yfG0f/pQkt+9CaQeOrxQeNTPWjUl+ooMzqnaBxxAECBAgQOD/CwhQ7ggCBAi0E6jX5d6S5PmblFAbNzxveEr1nQWX94ExrG0MU1uTHy08LVhd9wQIECDQrYAA1e3SKZwAgRURqPOTKkSdtsl8rkjywgXO81eH77AunOn/y8Mugccn+doCx9Q1AQIECBDoWkCA6nr5FE+AwIoI7DO+znfu8EpfnRc1e/1ukjMWMM9Dh63Jr5/Zca8Ov61d+Or/uQgQIECAAIE9CAhQbg0CBAgsj8BJSX4vycFzJZ017I73hh0u84Mzh/p+d3zy9OEdHkN3BAgQIEBg5QQEqJVbUhMiQKBzgccnuTjJkTPz2OktxV+U5A/G/m8Zdvx72SaH53bOqHwCBAgQILAYAQFqMa56JUCAwHYEfjjJnyT58ZltzitE/fL4hGo7ff/gsDnFDUnuM3ZywbBV+W9sp0O/JUCAAAEC6yQgQK3TapsrAQI9CdS3UK8ZDtWt1/c2rjqT6ZQktbnEXbnqW6u/TXLM+OP/SvKARgf33pX6/YYAAQIECDQXEKCaL4ECCBAgcKcCddhuHbq7ceDubUlOTfKuLbrV3/d1OO4zxt99Y+znI1vsR3MCBAgQILDWAgLUWi+/yRMg0IlAbTdeB+7efay3Nn14eZI3bqH+2uHvvLH9zePvN76D2kI3mhIgQIAAgfUWEKDWe/3NngCBfgTevMl25ucnqWC0t+vkmSdWdyS5ZNw4ooKYiwABAgQIENiCgAC1BSxNCRAg0FigXuWrDR/qW6aN68+TPH84R+o/91Bb7eZX3z0dkOQ7SS5N8tKhn/qeykWAAAECBAhsUUCA2iKY5gQIEGgsUDvx1at7G99EVTk3Jjktyfz3TLUl+ruTHDR8R1W7+NXOfmcPG1H8Q+M5GJ4AAQIECHQrIEB1u3QKJ0BgjQWOG8PQgXMGtbHEmcOrfv+epP7sM0keMrb5bJLnJvnKGruZOgECBAgQ2LaAALVtQh0QIECgiUCdFXVhkmfOjV7h6Zwkpyd55Phnn0/ytCRfb1KpQQkQIECAwAoJCFArtJimQoDA2gnU3+FPTfK6JIftYfYVqE5M8um10zFhAgQIECCwAAEBagGouiRAgMAuC+w7biRRr+9tHJK7UcInkvz0LtdjOAIECBAgsLICAtTKLq2JESCwhgI/muTquV36iuFfklyR5FNJrkryzTW0MWUCBAgQILAjAgLUjjDqhAABAs0FHjhuV/7gJHXW0weG1/ZOSLLfXGW3j2dC1blSf9+8agUQIECAAIHOBASozhZMuQQIENhEoLY0vy7J4eOf1dlQPzccslsH5db3T6cM4eopSe4199trkvzleDaU3fncWgQIECBAYIKAADUBSRMCBAgsscD+Sf4iyc+MNX5pOPvpqE0Oyr1/khclOXX88/kpvTPJ25PUN1MuAgQIECBAYA8CApRbgwABAv0K1JOnOij36eMU6hunJya5dS9TOmIMUy9IUq/8zV7XJrls+P9vS/LtfmlUToAAAQIEFiMgQC3GVa8ECBDYDYG3JnnxONAnkzwvyT9uYeB6evWEMUw9a5PfVYi6dDyQdwvdakqAAAECBFZXQIBa3bU1MwIEVlvgJUkuHqf4xSTPSVLfNN3V60fG76YqhP3YXCf1ZOuiJO+9q537HQECBAgQWBUBAWpVVtI8CBBYJ4GfT3L5OOF64lTfNn10BwGemaQCWj2dmr1uSPLqmbF3cEhdESBAgACBPgQEqD7WSZUECBDYEDh2OBj3r8b/+Nfh3KefXeArdrUZxcvHjSdmV6DOlXpjkt9PcrOlIUCAAAEC6yQgQK3TapsrAQK9C9SrdXVQ7t3HiVS4ef0uTKrOmHppkhcO30QdMjfeW4aDe89PctMu1GEIAgQIECDQXECAar4ECiBAgMAkgaeOO+7Vxg91VXiqp0B11tNuXfcdv7U6c5Ot0N8xnEP1R0k+vFvFGIcAAQIECLQQEKBaqBuTAAECWxOoV+muSvID48/+eNht7xcmbFe+tVG21rrOnTo7yQlzP6sNLT42PCX7rST1iqGLAAECBAislIAAtVLLaTIECKygwCOS/OmwccNDxrn9U5LDkty+JHM9MMkvjt9JPWyupnoaVU+m3tc47C0JlTIIECBAYBUEBKhVWEVzIEBgVQUelOSvkzx0nGBtU378sEPevy3phOtQ3vpO6peSHDpTY2068TtD7bUd+meWtHZlESBAgACBSQIC1CQmjQgQILDrAgeMgePoceRPJzmuoyc59Yrfc5OclOTgGb3aQbAO570uybW7rmpAAgQIECCwTQEBapuAfk6AAIEFCdShtU8f+/5ckp9KcsuCxlp0t/UN11lJfjLJEXNh6vokr03y9UUXoX8CBAgQILATAgLUTijqgwABAjsrUIfYXjx2WcGiDrb9u50dollvj0zyqPHJ1JNmqqj51VbptVmGiwABAgQILK2AALW0S6MwAgTWVODh41lP9xy3KK+nUO9fYYvaxa92FKwzrmpzjMuTXJbk40m+t8LzNjUCBAgQ6FRAgOp04ZRNgMDKCrw6yTnj7Gr3umcluWNlZ/t/E9snycuSvCLJA4bvvT4xvO73riRvGzz+ew3mb4oECBAg0ImAANXJQimTAIG1ETg2SZ3zVGco1at7X16bmf/vRGtb9HoCdWKSClV1XTQ8jTt3ibZuX7MlMV0CBAgQmBUQoNwPBAgQILCMAvUqY73ad2aSfccC6+nchUm+tYwFq4kAAQIE1kNAgFqPdTZLAgQI9Cpw0LhLX73KuP9wztSNSU4bdiX8SK8TUjcBAgQI9C0gQPW9fqonQIDAuggcmeRDSX5oPAvrPjaZWJelN08CBAgsl4AAtVzroRoCBAgQ2LPAfsN3UK9M8tUkV4IiQIAAAQItBASoFurGJECAAAECBAgQIECgSwEBqstlUzQBAgQIECBAgAABAi0EBKgW6sYkQIAAAQIECBAgQKBLAQGqy2VTNAECBAgQIECAAAECLQQEqBbqxiRAgAABAgQIECBAoEsBAarLZVM0AQIECBAgQIAAAQItBASoFurGJECAAAECBAgQIECgSwEBqstlUzQBAgQIECBAgAABAi0EBKgW6sYkQIAAAQIECBAgQKBLAQGqy2VTNAECBAgQIECAAAECLQQEqBbqxiRAgAABAgQIECBAoEsBAarLZVM0AQIECBAgQIAAAQItBASoFurGJECAAAECBAgQIECgSwEBqstlUzQBAgQIECBAgAABAi0EBKgW6sYkQIAAAQIECBAgQKBLAQGqy2VTNAECBAgQIECAAAECLQQEqBbqxiRAgAABAgQIECBAoEsBAarLZVM0AQIECBAgQIAAAQItBASoFurGJECAAAECBAgQIECgSwEBqstlUzQBAgQIECBAgAABAi0EBKgW6sYkQIAAAQIECBAgQKBLAQGqy2VTNAECBAgQIECAAAECLQQEqBbqxiRAgAABAgQIECBAoEsBAarLZVM0AQIECBAgQIAAAQItBASoFurGJECAAAECBAgQIECgSwEBqstlUzQBAgQIECBAgAABAi0EBKgW6sYkQIAAAQIECBAgQKBLAQGqy2VTNAECBAgQIECAAAECLQQEqBbqxiRAgAABAgQIECBAoEsBAarLZVM0AQIECBAgQIAAAQItBASoFurGJECAAAECBAgQIECgSwEBqstlUzQBAgQIECBAgAABAi0EBKgW6sYkQIAAAQIECBAgQKBLAQGqy2VTNAECBAgQIECAAAECLQQEqBbqxiRAgAABAgQIECBAoEsBAarLZVM0AQIECBAgQIAAAQItBASoFurGJECAAAECBAgQIECgSwEBqstlUzQBAgQIECBAgAABAi0EBKgW6sYkQIAAAQIECBAgQKBLAQGqy2VTNAECBAgQIECAAAECLQQEqBbqxiRAgAABAgQIECBAoEsBAarLZVM0AQIECBAgQIAAAQItBASoFurGJECAAAECBAgQIECgSwEBqstlUzQBAgQIECBAgAABAi0EBKgW6sYkQIAAAQIECBAgQKBLAQGqy2VTNAECBAgQIECAAAECLQQEqBbqxiRAgAABAgQIECBAoEsBAarLZVM0AQIECBAgQIAAAQItBASoFurGJECAAAECBAgQIECgSwEBqstlUzQBAgQIECBAgAABAi0EBKgW6sYkQIAAAQIECBAgQKBLge8Dd4kuoA/19LoAAAAASUVORK5CYII=', 1, '2025-07-18 03:08:10', '2025-07-18 03:08:10'),
(4, 2, 3, 1, 'data:image/png;base64,iVBORw0KGgoAAAANSUhEUgAAA1AAAACQCAYAAAAGG4oYAAAAAXNSR0IArs4c6QAAIABJREFUeF7tnQncdfW0x5d7zS5FhkLKdJPKFELKlGRMIWUeM5M5ZZ5LhmSe60qkzCkylSRxSypjEldIyFSZ3f291r+7bec8zz7zPvv5rs/n+bzDs88+//937/d59++stX7rYmFIQAISkIAEJCABCUhAAhKQQCsCF2t1lAdJQAISkIAEJCABCUhAAhKQQCigvAkkIAEJSEACEpCABCQgAQm0JKCAagnKwyQgAQlIQAISkIAEJCABCSigvAckIAEJSEACEpCABCQgAQm0JKCAagnKwyQgAQlIQAISkIAEJCABCSigvAckIAEJSEACEpCABCQgAQm0JKCAagnKwyQgAQlIQAISkIAEJCABCSigvAckIAEJSEACEpCABCQgAQm0JKCAagnKwyQgAQlIQAISkIAEJCABCSigvAckIAEJSEACEpCABCQgAQm0JKCAagnKwyQgAQlIQAISkIAEJCABCSigvAckIAEJSEACEpCABCQgAQm0JKCAagnKwyQgAQlIQAISkIAEJCABCSigvAckIAEJSEACEpCABCQgAQm0JKCAagnKwyQgAQlIQAISkIAEJCABCSigvAckIAEJSEACEpCABCQgAQm0JKCAagnKwyQgAQlIQAISkIAEJCABCSigvAckIAEJSEACEpCABCQgAQm0JKCAagnKwyQgAQlIQAISkIAEJCABCSigvAckIAEJSEACEpCABCQgAQm0JKCAagnKwyQgAQlIQAISkIAEJCABCSigvAckIAEJSEACEpCABCQgAQm0JKCAagnKwyQgAQlIQAISkIAEJCABCSigvAckIAEJSEACEpCABCQgAQm0JKCAagnKwyQgAQlIQAISkIAEJCABCSigvAckIAEJSEACEpCABCQgAQm0JKCAagnKwyQgAQlIQAISkIAEJCABCSigvAckIAEJSEACEpCABCQgAQm0JKCAagnKwyQgAQlIQAISkIAEJCABCSigvAckIAEJSEACEpCABCQgAQm0JKCAagnKwyQgAQlIQAISkIAEJCABCSigvAckIAEJSEACEpCABCQgAQm0JKCAagnKwyQgAQlIQAISkIAEJCABCSigvAckIAEJSEACEpCABCQgAQm0JKCAagnKwyQgAQlIQAJLQmCriNggIq4UEZeLiKtFxJ3yz/z+0hFxYUT8NSJ+GRF/yF9/FREXRMQPIuL6EfHbiLhWRFw9Iq4REVcecf+c/28R8eeI4Nw/j4iLR8RVIuLw6u/3zvcY8bQeLgEJSGCxBBRQi+Xvu0tAAhJYSwR4cL59RGyWD9OfjIiz1hKAKe318hGxY0RcNyKuHRHXSZH0n1M6/zxP892IOKEScXtGxE/n+ca+lwQkIIFxCSigxiXn6yQggWUh8ML8NJ6HSx7eiVPyE/ZL5O8PjojDIuLHy7KpJVrnZSPi6Ii4eURccsC6j4oIHqKfskR7mtVSnxoRt4iIb1X34+ZVlmaLiDg9Im6TWZyNZvXGHTjvjyJi44j4ewfW4hIkIAEJrEhAAeUNIgEJ9JnA52uiabV9/rF6UP10JbbeWj3EHrHawX6/FQEyJe+PiLu1Ovof2agDI+LQiPhmy9d09TCE4y4RsW5EbBgRN4qIn2T2bcsZLJryOITXz1J0nRwRv1/hfc6OiO/l91kP16oEJXubZolf/RTsgbLAEohiSgSHBSV8xL9XAvm8iPhG8iATyXvUg3JBzl1eMwNEnlICEpDAdAgooKbD0bNIQALdJDCKgKrvgIfRF0XEm7q5raVYFQICMXTfMVf7oYjYIyL+Z8TXb5dlbWQXEcX8Sr8PvTf8uTyg/yV/X/5Mnw7ZD/6evh1+zxdC5NdD1nDT6j7h/9E7RwT7vUMKBDJH047vpDhifV/OdVL6hjA5cdpvNqXzXbESaQ+MiFtmZu0GQ857UkQ8IUv5pvTWnkYCEpDA7AgooGbH1jNLQALdIEAJ3xci4nf5KfsN86GOh9/LrLLE/64+1b9/RHy/G1vp9CrIHmBccM2I2LYyDXhyRPxHY8UImI9HxNcqcXrVLKO8XURcKr8GbRCDA0r8zqkyU1w7zkHWg185B4YI8w7KzTBXGCWOaRyMcOP+wrShHtxrRTQilo4b5U0WfOy/RcSts1xzt4jAzGJQfLCWYXyPfXALvmq+vQQkMDIBBdTIyHyBBCTQIwKIqMdXfVA7RcR6Q/ZFZuKlEfHiHu17nK3Ahx4cnNhunOJlkzQwWL/GjzI1jmn2O1FOdmrN8GCcNfAaSs/OGPDi4yPiTwP+/jeZRVrt/RBxt8qMUvNYnOsoaSuBUKTkjOwPWSAyVoieIrQRd2SJ+h6YWNC3tHUliu+RWab6nuHylYj4epYLIhjJBH6u72DcnwQk0G8CCqh+X193JwEJtCNAmddds1dn57RZbr4Sa+f9q36Wd67SW9LuHbtzFNkixAMZOn5PLwwlaFfIr0H9OmRTKHOkT6kIhx+m/fWbq1Kzxza2R+/Lrtmj02bnlHodEhHXG5DF4vVksZ6Rmak25/OY6RHA8e/VEXHHzODyb6cE98RXq1JG7g8yZ4gnRJQhAQlIoFcEFFC9upxuRgISmAIBys5o/scVjqb5ZjDP5pXp2oeo6lLgMrhOZmIopUIEEWSP2As9PfQDkWkZFPSiIKQwc+CLEjIyOzwEY07w7VU2i6U2xgSYBhC83+ur8zx3TNFJD832mSW8bZUFpESsHq+KiPdlhqNL16FPa0Eg4QxILxP3ENeBIMtG9g2RxK8IaUozDQlIQAK9J6CA6v0ldoMSkMAEBPatPknHlIBSv2bwAHlAlSHZL/tzJnibVi+lVwg3N+zYKSvE2Y6f4fQcMeS0GUUM8ffYs5eyt2JCUMwTyBic32oFqx9ErxnrJBBdCKd9ppCFQJDx4P6YymHuflkGVl/NG1PUakO/+jVqcwRCGN5cy4fWePOBAa6KH9PwoQ1Gj5GABPpKQAHV1yvrviQwOQEeWu+ZD+xYMdO4z88MHMl+kRkFGuB5aKXfpc99DZSxIQbuPQTr4ZVF9e6VcQLZqXGDviF6iSiNQhDRZwT3eiM+M4FgX8rmyPCQIUJQEfSYkEFaRDyo6m86qNZDhIshArRpkjDJ2rj/cLqjH42+m3ogDF+T7onTfM9J1rtMryXL9JAUTjfJhXMvMeyYkknK8hSoy3RFXasEJDAzAgqomaH1xBKYKwHmsZCJ4IGb8iw+QT43m/7JWCBw+N5KQcaChnse5JnRMsxUYdg56IfhAf/D2b8yVwBzerNtKlvsl0UEvzaDB3hKyl5QEzTNY7C6pocEvmS1KLOjZJCHV8rtflnZfp+WvUWYJSCOEElkj7r88PqI7A0r+yW7xR7piZlFFOtwBBsGD/VAPD08Z0nN4r37ck7KIbFfxy2PLBNRXP++WN2bn6rdf33Zs/uQgAQkMBUCCqipYPQkEpgbARr8d8isEOU1CCf6RLoW2BTTR9TX4BP6Z2c5Wen3KXulzIn5UTyMkhkq7m4YM5Q5OMdGRBGs9I/wGub8LGNgV465Rgn2zUyft81hM/Tn4P6GSyIW5/VAzO6V12EOS1mat0Aw3b1yJtwxxTt9bTgGkkVFOOEuaEhAAhKQwAoEFFDeHhLoPoH7pM02gqTueNX1lfMA/Yoln/GCKx3Bz0pKxsis0NtDVg8ra/6MkEXYNg0OivHCZ3LQKdk5eoT6FA+rspzvrm0Iq3Lu0yPnvEn4P7MSrHs3rgPiFHfFYYNw57zMhbwd5aDco8/L0lBmnzFgmgwTvUyYfhgSkIAEJDACAQXUCLA8VAJzJMB8nUdWZVuPWiXDRJneyZnNwCqa/pjSDzPqcikjw8EN0wTm2ZxZ9T/csjbglP4c1jUsWMtVGt9kxhK21osIMj6UI5YMET/vKIejx4i/Yx4N2RIGojLPppgqFIc6BrgypJWyRubYEAxQhQvBvCMGvBI41sGKPinetx6U5WE2AYdZlbQtgi/9cR+oDSOGF31QZDIWFZtVc4kYzEpmtgTX7GkLXte8eWye9znOedyX/FygP46SR7KfXS4HnTcr308CEpDAyAQUUCMj8wUSmBkBLKjpi+EBn7KkZtAbQ4kN4oZP1pmrw4NSCT6FHzSzZ5QFH53ZFoQG2S6yKDi0IcqwKEZ48MWn2PRcERxDbw8PaTikXan2hgxO/Wweg1jhWIRK/Yu/L/bavCc22/xKbxD7YTgqYocMD1+cg54uXlN6iBA6q8WXGuVcTVtu+LIHgj3jTjdqlHI9soY4xtWHyeLah4iih6q8z6jn78rxL8nyuJJ14xqSjTq4AwukpPWtafhRz9iSEeWa9DFwZ+TnBvcd/Xn0OyLuf1oZk7wlxeO4H6z0kZd7koAEJDARAQXURPh8sQQmJsBDJw3clITRdN8MBBNlNp9ozOChj4H5N80gE7Jx4y/5O4ac1gMRwrkRISXI1tQFGQ+ffJ+H4xIImab72UoQEHttP+1GFJLFKIGJBdmbQcHDIRmgUb+30lqn/T0e5OnB4aEdcVuCjBa22zjGDdvftNcyzfNtlCK+ZPbYD/uk76srwdpwAXxOo6TvlIh49JjiuCt7K+vgZwBW4w/O+4t/D2SZGEBMNpqSUUMCEpCABGZAQAE1A6ieUgItCRyaGZvm4WQqXpsPpNhVDwoGWvIwSGDYQGkO/ScIlmGvabmsiQ7DXIGSwhLPrzJWZCvWcuCu98TKXvzpjexcuXYvTNe9ZWGE8C7DVFnzvdLmuovrhzn3HxnTEnwggEvfe7u44BXWhHDF/IH5X/zKhw301HE9/mvB/+6XDKXLlYAEJDAZAQXUZPx8tQTGIUAvETNVyDoRfFJ8WP6eByI+PW4zT4i+HbJEZJjqmZtx1jSt11DSRWlc6YWiWZ3SIuMfbom40z11gJCivJCM1Ic6DoqsDqKYIIu5Z1q3d3nZOB9+ZED/Hr1uX+nywlMs3T/7mNgH6/10fh3X8bW7PAlIQAK9JaCA6u2ldWMdJUBp0XmNki76nopJQUeXPdKyKDnEYIDAnpu5R8b/E2AgMQYhj6vZmpfvIjjJTB6YvWD8PT+nd8reFgwvMLFAPPN3KwUZSkQOvWv0d3EeSjRLOSHroHeMPi36zejfwmAAxzpmK72y4dDGoGB6i0owYJXsUzHf6PI1JgNFpqbeI8iQWDKmxRSkC+u/fg5ORjTRB8namAXGbLWui+su8HMNEpCABOZCQAE1F8y+iQQuIkBmpu7EhhEETmZ9CowocPIjsEgumbY+7XEae6Gf7A6Zkdq+5hbIuclA0uPGMZTL1XvTpvHeo5yDkjd66BBvxZSBvidcG5fJAptSSnoJ60OQT8wMKaYhiwoyYbDEMW+rFLxkzFhrKdNd1Np8XwlIQAISGEBAAeVtIYH5EuABCbME4ozKtYxPnPsWOH9RpkgcMcRRsG97nnQ/ZEaeUZVv7txw7mtzXgaf1vvOymt4MCerNKug145hwPx6VL4Jpan04nU1GLb7jnRvLGt8fzXEGEOGeQbZPPqY+KABl0lmhSGaKOE9e54L8b0kIAEJSGB0Agqo0Zn5CglMQqDunkffS70Zf5LzduW1dXML1vTsyuJ8364sroProLzxWS3ttSk5+3j2y1EGStnnagNi+RlPiSiZT8xJ2gRZL+zh+ZUyspu1eVEeg1U2HxAgqOjR4Ysywi4F5aWUSdat7/fJfq5ZrfN6la34AzLjyLgCSioZZMv1RHQaEpCABCSwRAQUUEt0sVxqLwgw0PPVuRNKdEqvUC82l709fMJfYpd0CezL/qa1D2Zl4RC3R87Qap6XsjnKy+hNwjygOU+KYbEMrKVcclaBeMLhsQgN7Oj3T5MQBAGzvxjSSiDSKJGjH6rYm/P37INeqeelOcqs1jrqefl3uF/2hfFaRN69p+wmyIclXDts7GFIdon+QDJNbUxiRt2Tx0tAAhKQwJwIKKDmBNq3kUASoPG/3gzeZQvocS4aGTWa9Uts2phfNc45+/IayunuUpmIPGWIMyGlcF/ODBOljxfkxpkPxkP4Yytr+6s2YJxTDU19XVreU8o3raCUkHlCRbhhRMG9SnnmSrFORGCAwEBXMi114Ue/1Itz2G59/ti01jzKeXCLJPNTzwAj/uhFGlQO2ebcG1R29Hxg8IjKBOTaOZOJIdK45iGGDQlIQAIS6AkBBVRPLqTbWBoCuIEx7BJhQZybLnVd7hsZBS69PDxsl9hwhEG6o7zPshzLkGQyOWRqMGFoBvbzZJLIKH1ulXI3fl7fKbNWzAJq/vzmPC/PvqRx+RT3PQY8l+B+pWeHfqdRgiwbhg2IqfvWZjEhEjk/w5AXGfxbxBZ8i9oivp0iapR/jwgnsq6UOpJdwhSG0QT82zYkIAEJSKCHBBRQPbyobqnzBCgVYvAl5VnEkTnvpfMLb7FAHPe+UzuOHh+szNdKcE3padohH8RX2jei6WVpJjIqH3qaEDVYoV+j8WLMSV6Vg2JLFmu189PvtFf2AdWHzl6YznCnrnaCVb5Ped9zIoLSObJS9Eo9qWGLPuFbjPVy7ODpR6r3Q+2dQnS1E2IC8eiqjHLrHGRNH1XdYXO11/t9CUhAAhJYUgIKqCW9cC57qQmUeTulf4TNUOpz54hYdGnTpGB5UMbiusTNM+M26Xm7/np6gOh5QdAUYTxozQgaBiUjsjARmdRggX6j20XEM9PRDSFUAne3N1eZHx7sVyq9w0qdmU/1+5FzPDci3jblTAo9f5SwlnXSw0WGjrUuKig1xPSiOBaSfaJUEvE4KHBLRPxRcgnfgxe1cN9XAhKQgAQWQ0ABtRjuvqsE+OSah9N64F7GPCDc1pY5fpaDWNkDvTQMAe1b8NBNaRqZpms2MhjNvSKScFt7VxoqYKwwi+Ch/8FZ4sea6oGAItv1xtpfMlCXbAvii56gEvQGPXWCXqDV9rZJ2naXNVJGxwyk76/2whl+HyH0qJqwe3yKo/KWd82eLoTvQWkEgxA2JCABCUhgDRJQQK3Bi+6WO0OAQak0ndddy3iIJKOwzLNgEAtkFYgXVr06L+oM8ckXgnB6QT5Mr3Y2SulwsXv7nMsYye5sW5l3MKSZXqMy/Las97DKxOLYFEmYHZT4ZZo8HDCHTChZOmzYKaEjEN2YT7CuRQRueQhc7NuJ4zMjTPbujuk4+N4sOcSN0JCABCQggTVMQAG1hi++W184AT715xNtBEbdrYymfcwC6qVwC1/sCAvAaQ3baoJyLTI1fQh6hMjirBQ/qQTw5/NhnEwOzm6LjMulECC7gsNc08WvrO2raePN+ucVlMy9ITM/vCdlfJhgvHRB3JgNtWPj3+I7cxh0H7Oo87rOvo8EJCCB3hFQQPXukrqhJSNA9gl7apr+6837p6SIIiuwbHG/HFTKusmoMTNo2YOSttcM2ATzfBApZHUo7aKv6fwObpZMIP1ZgwQUIu8tKWZwoZt3IJj4IKFkyl6fM7JmVeo4aH+PTKt4RGYJPtiAmyEBCUhAAhL4JwIKKG8ICXSDwAMyE1UXG5SAkb1Ztl4LysLOrGEl07BIk4BJrzDliJQl1oP94aTY9QdsSg7JiDUD50cyZNih36bW+0MfHn1SlKvNM26VNu7lQ4Tj0qiBMr9ZBOYmmGY8KMv2YIGRy8MjYqPsCaNUb+MFZcNmsWfPKQEJSEACUyKggJoSSE8jgSkQ4EGWnhkGp5bA7nnfzFAtS0kf5YjMN+LnC66CCCj2saxBHwwZkhKUWPIA3vVA3NGvVQ+yO2Q76308OCdiPkEmaN08mO9/NDNT2HzPI7C8P7A23BY3PIb3DhKAo64Hl0SG5iLUEE4Ye9DnRGkeorHYj8Pr+TVTDfrImOtkSEACEpCABC4ioIDyZpBAtwiQvflYVRK2eWNZOPMdERFPnrKt9Kx2TwnijfLky/xzBqc6MoBkIkpg+/2FWYGbwnkRSMyIQhjVY7V1I3TJyBR3wXLdGIxcDBQQxrMMzCUQeWSCiD/mmiiRHCVw+GMfiCUG3HIdyTBRYskXg24HBYOPmc9VAkMN/s0ZEpCABCQggYsILPODjZdRAn0lcNl0JNszIhhMWw8yA7j01UvkusiBnpJ35MJWe3Dv4vrLmpolcF3vixmUdRpnYC8ZNu4/bOjL/xM/zIzUu6t+qnNmfNEQP7wPwocPDxg+/bkV3nPTzFZtFRE75XEYQGCR/uUclttmyYgtMowlYFfEXJvXe4wEJCABCawBAgqoNXCR3eLSEsBgAkOGVzQyIMz0YW7ONEqbZgkHQwJm/lCWiF37MkbdEIP1P2bA/K4u7GuQvTrlk69NQ4Zx13ilFBDMRaLErsQnI+L9aZ4xbODsuO9ZXocQonwOcwnKVxk0jVtgCcoOt8tZXPxfdnglnsh8kqllyO04cenGAF3erzlgeJzz+hoJSEACEugRAQVUjy6mW+ktAYTUQ9IavMzt4aH1aZkR6OrGGT7KgzbR9czNMIZvzXK48v0uCihE3ktSrJZ1ki3i78jCTCO4B5mHhNkJ2SEyQwQukWRsEGpHTeONaufg/ydEFHO0EHJkvXgfLP4RU7wf5a6fqT5Q+N4U35vsbvl3hqPiOhpJTJGup5KABCTQAwIKqB5cRLewZgjcOD/1Z+hnCR6QMZn4bkcp1EvKjs7BrvOcNTQpFrJ8ZHdKdK0c8ZAcmFvfJ/1ZT6iyft+cdPNDXk+vFMLmmdlfVA7DaZGyPxwLcZCcRtB7xj0Od/6/IhNFnxL30gXTeIMB5/h0CrTyrQ0bphszeltPKwEJSEACy0JAAbUsV8p1SuAfBDAGeFOWxJW5OTiKUSbHQ3MX50bVy+DIFDx9gC14V68vBgpb1hZHb1C9R2aR6x7U70SGhqzMvEwurluVy9HvhvkEQqME/Uu4+o3Tq8cHBJQMYum/Wdqq3yQidsuTU1ZHrxMlirMIhj+XPirOzxpmJUZnsX7PKQEJSEACMyaggJoxYE8vgRkQwGr6KVnCV3daY/Aobmkvn3JJ0zS2QBkUA4MZSHu1qneFOT/8HoHS5eiigCIjhsBAmNYDYY2IXkTQO0SW6NH5a7FDJxtFBglL9GGBCMOx8RoR8YgURm9L90MMIAhKCBGuZGGJg1O0zWKvlAbepXZiyvnOmsUbeU4JSEACElhOAgqo5bxurloCEOCT8ZdFxI4DcFDi9IbMRnSJFjbVrPeV+cDMwyp9ReM2/c96b80SPhzZ6jbXs37/5vnJOiFS6rPCOIZeMzI0v533gga83+XSeAL77+vn9ynvQ9z/Km34yS7dosouXaUqQcV1Eqt4xBKZq2HlqMwXwyAC4wjiLVVf1ONmsF9MWtbP82LbTr8XH04YEpCABCQggf8joIDyRpDA8hPAJWyvIUKKkj4yUm9uuIstetf/lsJpj7RqR/AdlA/PPEzPet5Q2/1/sTbYldeQNXtd2xdP8TjKCJmFVJ9HVU7fNattMkm3rkpNr5r24wyvLaYTZc0YQiBOEfnMZWobV8zs5Q3zBdzbe7d9cYvj1ouIX9SOQ9Qx4NqQgAQkIAEJXERAAeXNIIH+ENgo3frulj0i9X/fPBTuFxH7dHC7PKDumnbUJWOBBfqp1T6OrNzlMEpYlKCij6f+gE7G77lzZIjjHGtAhAyKRbobXiud/+gLw+L8pvlnsow/yvJMruGJWVK6TZpOPCwiyFKV4Jj904b81y3Y4sh3bGZgOZwPD7D6n0YwxPdJtRO9ZkIb+GmsyXNIQAISkEDHCCigOnZBXI4EpkSARnx6jij3okSqHl9PFzM++V+pN2VKSxnpNPRHMcwUkwCyGPS88HefzRlAH8nhqCOddIKDEZ2YXpR4dUQ8Y4LztX0pFvCYM2AZPijOzmwY5iGzjitHBH1K2JiTXWKQ8+a1NyVLxxelbwyurc9qGra2HXJYNANyS78Ux3J9sWDHCGOlwbkMmKa/qgya5j4vg5sn4YGYq+8N8UyWy5CABCQgAQlcREAB5c0ggX4ToJcDwwEe+i8zZKvHZxnVySmoZmUPPS5pRBQPyAgrRBXBfKaTUgj+YNwTt3jd7vle5VDMDejZmnaQkblH9jHR41PP0NTfC+c5eoQo25xFvxNZIs5NKRs9SrjfIaAIRNt3MvuDYMJRcdLeNcwhtk9DCJzvmvfoMdlzxrXGCa/ei0QfFZmoDXJ9k5ZXYs7RHE6NZTv9W4YEJCABCUhAAeU9IIE1SIBP/SmX40GRB+VhwZwmHpCZh/O+BZbPDVofZWMMUcWI4p55AA/WZCwYuDqObfZKt8Kgh+ppzYLi3HxRnld3fRu2ntMyqzhKz9CgcyFSEGu4y8Fz2xRJRYjwmlPS2OH0zCpRhjdrYU2mlHsUS3QycDj71QPheEC17gOrrODv8hsYqVDmiYX6XytR98CI+MCY/7YH2cL7IeOYMH2ZBCQggT4T8D+HPl9d9yaBlQnwsIoYoEyMEq1hgX00n/RjPc6MnC4FznMIAL4wFvhxZqXIJDALadIMCXs9IUsK6/sma/fh7PPB2OG+Vena3VNsXphlk2Qv6N36eUT8MR/wyeJsUpWbXbMlRDJO7IW+q2Lp3eal9CHtnOsgc0cmctOcrVR/PUKJNVF2R3aJa92FoczMOENUIpbpj8OQoh64DiKUuAYIv0+k4x/sEdaUfI4a3Cv169I1c45R9+PxEpCABCQwIwIKqBmB9bQSWDICPKCSlaK/hazIFius/zcRQdkcznk8fPMg+7MO7Je+KQQhWYjSx/Kt7JUhQzVu5qY+CHhe26SfCNc9Mi6UyjWDUkZMQxAaW1cGIQgm9n/xIU599PZwzSjT5AuTB35dlsCFkFJUMmd1MUVJ3+EpnB+c38MwBWMLeqnaRrPXjdchxBBmhgQkIAEJSOCfCCigvCEkIIFBBJjPw6f/OKvxaxlguhItMi2fShtosjbM7WH2zyKC8jQybGSF+CLOy3IvhuMy3HWUHqJB5V3T3hfOg8zFIhNEmR3ldfTfIJaK0cIwYUvmhTI7xC3CiDJMMklQa0ldAAALFklEQVRnpLiY9loXdT7K/OhBw3wCwd/8P4yMHX+HWEREMXeqTZCB4/gSsCNTaEhAAhKQgAT+hYACyptCAhJoQ4AHV3p1+CLjQdlamcXT5vVkqihnI/PBwyo/exiKSgaFh15EDQ//swqySPfKLE2xSiezQwkY7m2Dsjz1tVAmRj8Y2blRohhcIIjIDmGaUH7u8vvmfKRB50YQIfYoA0SYwqsII3q+YLoWg74nso2UKmJ40YzzszcO50RKE1eKpkDet5qb9uy1CNU9S0ACEpDA6gQUUKsz8ggJSGA4AQQVgoQeKkqrEFX8XKEnaZxAJFBuxgBgAoMIhNWfswcIYwHK8s4a5+T5Gsr7HlAZZTBjCce5Egendfa70mCB2UZkgCiNQ+wQZLZwf2MWEWVzZbAtQpAs0DCnw/IePMj/Pv/AMFn2UgJ7+TIHiSwUZXzG6gQYyoyA4ppi3U/mc1BgjMJ1YhYadun1wDCFTGsJjCy4HwwJSEACEpDAvxBQQHlTSEACsyRwxUb5H5bY9Tk7vPfVa/N8yNLwxbyhtkYLCA/EDA/HZGrI2HAOTBz4Gfe3FGCIL5zaEDA8dFOeuE6KIzJsrLVNcH7EEqKO39czZ/Td1G3V+f0ovTht3t9jViaAkHplOvMNO7I+gHhQeSZCeRKR7jWSgAQkIIEeE1BA9fjiujUJ9IQA2S3KtcgsYMNeguxXsbrme2VG1CjbPjezXLyGki/+TOaJAa0M8CWwzMaogKHDzczFKO/lsfMjgJjeK90LEdOjxKxmfY2yBo+VgAQkIIEOE1BAdfjiuDQJSGChBBBSlIbhxsbXFXI1uA/yRdkXNuBGdwk8qbJyp58JoU3vGGWRZDyHBdb3ODkaEpCABCQggaEEFFDeHBKQgATaEcDiHWc/5hNR/kfg8sacJvprGOQ762Gz7VbqUXUCmId8MDOYWJy/v3KKfOIQRLvksRKUgAQkIAEJKKC8ByQgAQlMkQAmEndMVz7KChFUpbfqK5XZxIFpSDGNQb5TXPaaPRVznvbIfjeuCeWemJ9g1797NSR6u6pfrt4XtWZBuXEJSEACElidgBmo1Rl5hAQkIIHVCGBigXMbfVk71cr9KPE7PR3dTurIwOHV9tLH7+Oi+NLKSn/P3By2+sx96sIA6D7ydk8SkIAEek1AAdXry+vmJCCBBRG4SboP7pqug8VREBvzwyrHv/3TyW9By1uTb7t+RLyhssm/T+4e8YRZCCYhhgQkIAEJSKA1AQVUa1QeKAEJSGBsAsyc2iYi7lYb+or9+SHVXKn3VjOIvjT2mX3hKAQYiEwPVJlTdmzVw0ZvmyEBCUhAAhJoTUAB1RqVB0pAAhKYCgFmXO0WEXfPHipOenxEnJa9U/zemB0BZn/9OGeH8S4YTGAeYUhAAhKQgARaEVBAtcLkQRKQgARmQmDdamDrwypb9K0rAXXf2juQlfpsRBwZEefM5J096aFVf9r9EoMGEt4PEpCABCTQmoACqjUqD5SABCQwcwIYUWyfrnCUmxFnVnOo6J06qir/O0JBNbVrcNeI+GTtbP5/ODW0nkgCEpBAvwn4H0a/r6+7k4AElpfAnSPiHhFx24i4WW0bmB8cl2V/2KUzi8oYj8A+1eyuZ+VLHx4R7xnvNL5KAhKQgATWEgEF1Fq62u5VAhJYVgK4+CGomF+0c0SsV9vI+TnM96M5e4qMldGOwAPTxIOjGYjMbC9DAhKQgAQksCIBBZQ3iAQkIIHlI4BN+u2rHqmtIoJBvtdqbAGnOfqnPlMNiv3J8m1vbivetDKQ+Ga+218j4jIR8ee5vbtvJAEJSEACS0lAAbWUl81FS0ACEvgnAltGBF83jQh6ezaqffdbEXFMlV3Bsptequ/K7iICl6hK+C6ohuxePP8Gfl+XjwQkIAEJSGAlAgoo7w8JSEAC/SNw7RzgS5aKOUeIqxKU+iEYToiIgyPiB/3b/kg7wu2wlO7tHhFvH+nVHiwBCUhAAmuOgAJqzV1yNywBCaxBApT4Ue63XSWcdmiU/H0/In6YxhRkqz4VEeetIUYHRMQTc79viognrKG9u1UJSEACEhiDgAJqDGi+RAISkMCSE7hOZl22rcr77hARmFSUuDB7gU7M4b7fyD4qLL8xrOhbPCciXp6b+lBE3KdvG3Q/EpCABCQwXQIKqOny9GwSkIAElpHA1SNii4jYKcv9br7CJn5aiYxTq+G/R0fEzyPiwxHxu2XcdK6ZvrBiE//BylRilyXei0uXgAQkIIE5EFBAzQGybyEBCUhgCQlgm04PFXOoyFStFBgxnJ1fmDDgZPeqqhzu3I7ve9eIOKS2xodGxEEdX7PLk4AEJCCBBRNQQC34Avj2EpCABJaEwDZZ7nerFFZYfreN0yLijIg4KQ0s3toBe/UNI+L0iLh8boJM1C0i4u9tN+VxEpCABCSwNgkooNbmdXfXEpCABCYlQGYKwYFBBQN+MakYNc5KwfLxiLhCOgKenOWBfxj1ZC2P533eGBEM0a3/H0jG7Fktz+FhEpCABCSwhgkooNbwxXfrEpCABKZMgFI/DCoo/bteJYS2nsL5v1eJHb4wsMDg4mv553Ui4rIRcamIYHDwbhHBMNw/ZpZrk4i4WkQwdPgv+dp1I2L9iFhvwLoQVO+bwno9hQQkIAEJ9JyAAqrnF9jtSUACElgwAQQVc6nIUm0QEZul6KEUsAtBv9ahVYnhg7qwGNcgAQlIQALdJ6CA6v41coUSkIAE+kqADNItKyMHskWIK7JDN4iI6zas1Wexf5wDD4yI/XIO1izew3NKQAISkEAPCSigenhR3ZIEJCCBHhG4TTWn6ZIRcaeI2DgiMH+gBG/zVfb4p2po8AkRcaU8rhx/ZjUD69jqXO+pTDGO6REntyIBCUhAAnMioICaE2jfRgISkIAEpk4AB70tG2elT4ohwLrpTR23J5SABCQgAQgooLwPJCABCUhAAhKQgAQkIAEJtCSggGoJysMkIAEJSEACEpCABCQgAQkooLwHJCABCUhAAhKQgAQkIAEJtCSggGoJysMkIAEJSEACEpCABCQgAQkooLwHJCABCUhAAhKQgAQkIAEJtCSggGoJysMkIAEJSEACEpCABCQgAQkooLwHJCABCUhAAhKQgAQkIAEJtCSggGoJysMkIAEJSEACEpCABCQgAQkooLwHJCABCUhAAhKQgAQkIAEJtCSggGoJysMkIAEJSEACEpCABCQgAQkooLwHJCABCUhAAhKQgAQkIAEJtCSggGoJysMkIAEJSEACEpCABCQgAQkooLwHJCABCUhAAhKQgAQkIAEJtCSggGoJysMkIAEJSEACEpCABCQgAQkooLwHJCABCUhAAhKQgAQkIAEJtCSggGoJysMkIAEJSEACEpCABCQgAQkooLwHJCABCUhAAhKQgAQkIAEJtCSggGoJysMkIAEJSEACEpCABCQgAQkooLwHJCABCUhAAhKQgAQkIAEJtCSggGoJysMkIAEJSEACEpCABCQgAQkooLwHJCABCUhAAhKQgAQkIAEJtCSggGoJysMkIAEJSEACEpCABCQgAQkooLwHJCABCUhAAhKQgAQkIAEJtCSggGoJysMkIAEJSEACEpCABCQgAQkooLwHJCABCUhAAhKQgAQkIAEJtCSggGoJysMkIAEJSEACEpCABCQgAQkooLwHJCABCUhAAhKQgAQkIAEJtCSggGoJysMkIAEJSEACEpCABCQgAQkooLwHJCABCUhAAhKQgAQkIAEJtCSggGoJysMkIAEJSEACEpCABCQgAQn8L10N5tzLxZpHAAAAAElFTkSuQmCC', 1, '2025-07-18 03:48:44', '2025-07-18 03:48:44'),
(5, 3, 4, 1, 'data:image/png;base64,iVBORw0KGgoAAAANSUhEUgAAA1AAAACQCAYAAAAGG4oYAAAAAXNSR0IArs4c6QAAGdZJREFUeF7t3QeQdUlVB/ADCLJEAZEoYRVYQEEWlBwElkILFBYRFbRUgogFKCViBBGlFFSCxAJRi4ygSJYkCEhSkJwElJyjgMDu4v1Lv6rHODPf/Wb6zbzX8+uqqW925r6+t3/9auedOt2nz1QaAQIECBAgQIAAAQIECMwSONOsq1xEgAABAgQIECBAgAABAiWA8iYgQIAAAQIECBAgQIDATAEB1EwolxEgQIAAAQIECBAgQEAA5T1AgAABAgQIECBAgACBmQICqJlQLiNAgAABAgQIECBAgIAAynuAAAECBAgQIECAAAECMwUEUDOhXEaAAAECBAgQIECAAAEBlPcAAQIECBAgQIAAAQIEZgoIoGZCuYwAAQIECBAgQIAAAQICKO8BAgQIECBAgAABAgQIzBQQQM2EchkBAgQIECBAgAABAgQEUN4DBAgQIECAAAECBAgQmCkggJoJ5TICBAgQIECAAAECBAgIoLwHCBAgQIAAAQIECBAgMFNAADUTymUECBAgQIAAAQIECBAQQHkPECBAgAABAgQIECBAYKaAAGomlMsIECBAgAABAgQIECAggPIeIECAAAECBAgQIECAwEwBAdRMKJcRIECAAAECBAgQIEBAAOU9QIAAAQIECBAgQIAAgZkCAqiZUC4jQIAAAQIECBAgQICAAMp7gAABAgQIECBAgAABAjMFBFAzoVxGgAABAgQIECBAgAABAZT3AAECBAgQIECAAAECBGYKCKBmQrmMAAECBAgQIECAAAECAijvAQIECBAgQIAAAQIECMwUEEDNhHIZAQIECBAgQIAAAQIEBFDeAwQIECBAgAABAgQIEJgpIICaCeUyAgQIECBAgAABAgQICKC8BwgQIECAAAECBAgQIDBTQAA1E8plBAgQIECAAAECBAgQEEB5DxAgQIAAAQIECBAgQGCmgABqJpTLCBAgQIAAAQIECBAgIIDyHiBAgAABAgQIECBAgMBMAQHUTCiXESBAgAABAgQIECBAQADlPUCAAIH1FLhkVd22qs5cVd+oqq9U1der6mlV9fH1fGRPRYAAAQIExhcQQI0/x0ZIgMBqBK5VVTetqgtV1flagHPZqjqhqk6vqq+1rzOq6vxV9fmqOmtVna0FRGevqrNU1UmdHu+lre90l/t9uqq+WlU3Pkb/X25B2ier6o1tHP/YxvDRqnpxe95Oj6kbAgQIECCw2QICqM2eP09PgMDBCZxSVbepqhOr6sotSOl992SYXldVp83o+NJVdYkZ1y0ueVdVfWzL9eeuqpNn9pHXf6Sq8ncjAeJbqur1VfXyqvrwzD5cRoAAAQIENl5AALXxU2gABAisSCBZpTtW1Q1apmnr/y8TULynqv6tBSbv3OU5Ehgl+/TuFoSs6JHrqlWVoCjZrzxXMlBz2wWr6ort4mTSLtqCxCu1n12uqi68S2cJqGLyXy2TlYxYMlgaAQIECBAYSkAANdR0GgwBAvsQuEJVnWta+nbXKbtyq6rKErvl/0d+oKpeUFXPqapXVdVn9nGvEV56o6q6etX/BW2n7jKgT1XV26sq/z6z/fv8EQCMgQABAgSOpoAA6mjOu1ETIPBNgW+vqntU1fValmnZ5QtV9U/tQ/8rquq90HYVyFLABFPXnPZNXaeqLnMMr/i+oao+VFX/UVVPbhk6zAQIECBAYK0FBFBrPT0ejgCBFQrcZSqYcK8t+4j+uaqe0Pb2/PsK730Uuj7HtD/qh6vqB9vXtavqvDMG/sGW6Xts2w824yUuIUCAAAECBycggDo4a3ciQGB3gVSOSzuIpXEPr6oEUGlZXvb0qnp8y4SYp9UJ/FBb9ne1KeOUPVVZAnis9ty21+xZLSN4rOv9ngABAgQIrFRAALVSXp0TIDBTIEu/skwu7bqtAMLMlx73ZX84naf0O62SXDJQDzvOYgvHfUMv2FUgZdyz5O8a03sg+6outcvVCa5fMi0VfHYLdl/NlgABAgQIHLSAAOqgxd2PAIHtBH69qh7YfnGnqnrMiph+uqqe1Pr+06q654ruo9u9C6TSX/ZTJaDK3rTr79LV59qSy+xVe1FVfXHvt/VKAgQIECAwT0AANc/JVQQIrFbgGUuV3LLMK+cL9W5XaUvAsg/nhVX1Ez5w9yZeWX/ZR3WTqrp1O4NruxslmHrKVMQihwC/1XLMlc2FjgkQIHDkBQRQR/4tAIDAWgjkzKLFga45fykfhnu27K9KtbcTquqzVXWLqkrBCG3zBHJWVZZ5ZtnfbY/x+G9rS/7eMS0N/Ouq+p/NG64nJkCAAIF1ExBArduMeB4CR1Mge1sSOJ3WDpztrfC7VXW/1qmle711D6+/nNW1KEH/U1V1kWM8Sg72fWgrmZ4DfzUCBAgQIHDcAgKo4ybzAgIEViDwn1V1ydZvDrP9Usd75KynnDN08ams9stbae1vdOxfV+sjkOzU3dr+qTzVlXZ5tBzq++hWMn19RuBJCBAgQGDtBQRQaz9FHpDAkRDInqRT2kifV1W3rKqvdRp5MhM5pPX0aRnfHdpSrk5db2Q331FVv1BVX66q7Dc7sarOs7SEMoP671YV8eMtmH3BtAfpX5ZKzF+gLaPLaxO0fHdbUpclkru111XVBVvVw6dWVTJCyRp9tX19pf2b+76xqj6yT+GztSIUt2pjvXJVnXlLnznv6/lV9Yi2zHOft/RyAgQIEBhdQAA1+gwbH4HNELh9VT24qpJ9Snvk0jlN+x1BPvhfc9r3lA/K+XfkfTBZBpngKAfYJnhISfDL7hewvT4BaKrcpd8cknsQLffLMr3sZcretRdPSz0fso8M5fdW1R2r6q5tP9zWMTxqWkaa5Z6fPojBuQcBAgQIbKaAAGoz581TExhNIP8v+puq+tmlgfWoxnexllXIkr17V1XOgBqlnbWqfqYFhTmUNsvVEmzMDW5i8qqWmftAVb1vC0z6yRxkbq497SE7yzHgEpi+tl1zzqrKYbmraB+sqgdVVYKdZKz20pIp+/GqSln7H9vSQTJf92lnTe2lb68hQIAAgcEFBFCDT7DhEdgggWQFssF/0ZIxSunx/bTF8r30ceNWkW0//a3Da1NR8M5VlaxdltBtbak4l6xbynknk3LGlgu+3n5/vPvAFoFUgrQU+0gRhvfPBLnMdLZXgtm0ZMWWD8tNMHP1pX6+rWW5cv1Fd+n/ZS0I+sLMZ9jpsmSlktX60S0XZB/er7TAfp+38HICBAgQGElAADXSbBoLgc0WSGnxv98yhDdX1c2rKhmSvbTsfXl6e2GyFvfYSydr9JpkS5Kpyz6mtOxjyplZKcmeAhmv6Lh3bB2GnaxXguhLt71MyRglgFy0FAe52ZRJeleHh83777erKmdOLbd3T8s+f3Ob92aHW+qCAAECBDZRQAC1ibPmmQmMKZAPrikysF37+T1mAs7dsjBZ7pYlZqnEt6n7W25TVY9vZd5TtfD+VfXEFkSN+Y74/6PKHq8/bsVAFsUgMp8JrF7UASH7u+47Fbf4pVZWf7nLh7cAvFdxkw6PqwsCBAgQOAwBAdRhqLsnAQI7CXxsKiBxoR1++ZqqumlVff44+bIsMEux8oH7D9r+luPs4tAvT2bkj9pTvGQqy367aRlfrI5iS1Yqc5oljClRv2gpDvHYTiCpKpjzwpKVSlC1aDnwOfv0skxSI0CAAIEjKiCAOqITb9gE1lQge14e10qaby03nUdOeesED6nGNrctL+NLee4EaFn6tgktz/qAqcDDz7WHzXKyq7Yy45vw/Kt6xvztSrXBP58KSpy33STFH07ueMO8/1JoIks/F2eUpfvsIUuG6q863ktXBAgQILBBAgKoDZosj0rgiAjk/0spkpAsQwoKbNdSTS8fnlPaek5709KhqimukA/AKYKwzi3ZlZyTlGVraVmi9ovOKvqWKfuRqVJgzg1Ly7LG7JXq3VKN8GEtYFv0neWgeX/+3mB7znrb6Y8AAQJDCgighpxWgyIwhMDl24fUVM/brr2nlfH+1xmjXZwFtXzpk6ZDW39rHwUqZtx2X5dkGdmieMazpmVj2QM18hlWe8VK6fSUW0/7rmm55if32tEur0swe/dWBj/76Zbb/dpyv/1WA1zBY+uSAAECBFYhIIBahao+CRDoJZBqcznYNB9ed8pGZd9LPsTuVqkvZySlet0PbHmwBCTp/896PXDnfpItu0k7ZPjXOvc9Snc3bBXyztMC6ievcGApi/+YpQOfF7f6VLt3j0IWK3x8XRMgQIBADwEBVA9FfRAgsGqBG1TVE5bOEtp6v+xtSrnyHK66OMx16zUJwFIAIMv3ls8dynXPaL/b68Gsqxr/b1TVn0ylupNl21pee1X33LR+83cs5cxzJtZBFAnJfV5ZVRfZJhjPHL110wA9LwECBAgcn4AA6vi8XE2AwOEJfGerppd9J6nEtlPL4a73miqo5SDeLPPb2s41/eD3t8lqpapdlsnlTKV1aYvqe8mUpQpf9t1YKvats5MMXTJ1abetqizNPIh20nRI8b3bOWV5T6W9oaquNlV6PN5Dig/ied2DAAECBDoJCKA6QeqGAIEDE8jeoJSsThnrVO3brSWj9MBWMS1FBpZb9s0ku5Ps1nJ7afsg/OyqenWrunZgg9tyoxyc+w9LP0umLUHCc6YP72cc1kOt0X2TVcwBwtea5vFl00HCNzoElwRwz11aYppAN8tCNQIECBAYVEAANejEGhaBIyCQ8tWnVtVPTkuqUmhipz1SC4rPTR+wX9HO8EnJ65wrlbLoCaLuMP17wjZmX23ZjWQW8kE9Wap3HrDtXVvmafm2KWf+d9MPkknLMx7VduuqetqUcUygfJ0W+B60Rf6OJuuV9+Gi9H7OHXvEQT+I+xEgQIDAwQgIoA7G2V0IEFi9wFVaNunCLROR/97uLKnlJ3lLC4g+0kpg32zGa1Ja/P5V9ZSqSvGAg2jXaMHfdkFi9v08f1pKlkNec0bRUWmXqarXTQU2UmgkGbmbH+LAL9aylcmOpr29qq54iM/j1gQIECCwQgEB1ApxdU2AwKELfE8rLpADUfPhNh+6Ux59t5Zqfp+Ysj7nb6/d6drTW+YhB60mo7XqdoG2HDEHyG7XvtSW+yWYSiW6PN+oLQFLStNfog0wRUESTB1my/65BNVpKaWekuoaAQIECAwoIIAacFINiQCBXQWyVC/7nrJ3JXtnFmcI7fSil7RDWpNtyp6rlEL//i0X5wPzg6dDbx9SVQlkVtWSUctSsftMH9ZTxGCnlkOCs+QwgdQLVvUwh9RvCjZkbCdX1edbcY3sczvslrOivjg9z+KcqBzqu3Xf3WE/o/sTIECAQAcBAVQHRF0QILDxAgmort8CqitX1YV2GVE+vGfvVD4gb1da/Imtkl9Kj2fv1KpagriUZE9p9pyBtFt7U1vmlr06WV62qS0ZxCzXu2xVvW8q754ll+9Yo8Eszu3KIyXQ/ds1ejaPQoAAAQKdBARQnSB1Q4DAUALZP3VKC6iSqdquwMRiwAmmsg8nGYitLb97fdu/9MzpsNUUf1hFu24Lpm4xLfM754wbZHlfMmWPa8sVP9SW/D2vqlJsYx3b9dp5XSln/8Lpue8yBY/vXbMHvWdVPaA9U7KRv7pmz+dxCBAgQKCDgACqA6IuCBAYXiABVZb7JVDJkr9kn/baUsXvqW2fTJYH9qzqd44W+N2yqvJ1rMzU1jHk/KKUR9/tnK3Fa3LdokhHzqlKZit7k7KELeXWP1tVCXaydyuVAhO0fbmqssfsbFOp79Pazz9TVcn6vbk9b5a9ZQlixpLnz++uWVWLv1ePrKq7tdfvdQ5W9bo8a84fS0s5/JRV1wgQIEBgMAEB1GATajgECByIwAVblbUUpEjQcO227O9YBSq2e7gEFa9se5X+suNBuanYl9LeCfqSvUnQl6IaI7TsOctyvuyBWqeWv6lfayX1c4hzlhpqBAgQIDCYgABqsAk1HAIEDl3gki1YSdW/BCzJyNywBVjJqCQjs1NLBiiZmfdX1aer6uwtG5Sf5wN5sjrpI8FRvs+SwGRzUr780TMDigR/V6iqS7XgL9miq1bVudvPk1XKeVf5ebJFKfWeM7eSlcresNw/+4/SsmQwWZfDaFdqz3YY997pnssBVNzyjBoBAgQIDCYggBpsQg2HAIGNEUhwdKdWEfD7qiqBV4Khni2BUM7Fyr6m7NM6zJaALMFhWr5P5i5L/+Kw+FuUSofv2mZ5XopxZM9WjFIe/LlTIPoXhzmYHe6dsupZfpiWYiK3W8Nn9EgECBAgsE8BAdQ+Ab2cAAECHQWyzC5nVl2tZYNyGOvWoCqH/mZPUTJCi71GCSwufhzPsdhnlJdk71H2IeUg3mS9Fvc7cemcpWSlctbSdoUyFrdNRizV/tLyjMmOJehJEY2j0u48ZemyRyvtl6fg9VFHZeDGSYAAgaMkIIA6SrNtrAQIbKJAlgFmL032Ml2jnf90kW0G8uG2pC2V//L9B5cKVGSv0EEc9ruJvj2f+RlTQHpqy0Jl31mWQGoECBAgMJiAAGqwCTUcAgSOhEAOk02WKhUBk6XKfqZ8n+Vw27Us5XtNq7CXTNMnWuGKnhUAjwT8LoPM39MEqtlLluzb5Y46iPETIEBgVAEB1Kgza1wECBxFgRR7SMn1fOX7HLabohU5JHinln1HWbqXM5WynC97kBJwpSy5DMr8d1HOfHpQu/yhU5GPu89/qSsJECBAYJMEBFCbNFuelQABAvsTOKkVlUghhlTiW5Rjz9+CLDlbbosCD8mmpDBCvrJ3KksBszwwVea0bwrcbKpk+OwljJzBlYOTNQIECBAYUEAANeCkGhIBAgT2IZD9VhdtS9Cy12pRlj3LBlPufLmlcMSrq+orrQhFilrk70pKt6f0egpd5GDZL7TS6/n54vcpxZ6g7G37eNbtXpqqgykhn8IXycKl+EXO2sp9s4wx902hjPz+hLbsMT/Lwb153pSET5GOLI08X6sImLOdMtaUo8/rEni+vKo+2pbt3b5dn6AzRTNOaX10HpruCBAgQGAdBARQ6zALnoEAAQKbI5AAJZmsxTlXKUeeQ22zVDDl2PfbPtTKm6fkeYKVtAQ1+T4/O7195Wf5PkHQybvcNIFPAqFVt5dNQdp9p7L0+VcjQIAAgYEFBFADT66hESBAYE0Fchjv1qDn8u2g3uVHXmS/thtGsj/Zr7XcElQlI3ZG++FrW3Zscc1299gLUTJWL146gDh9JPOUsu0aAQIECAwuIIAafIINjwABAgQIECBAgACBfgICqH6WeiJAgAABAgQIECBAYHABAdTgE2x4BAgQIECAAAECBAj0ExBA9bPUEwECBAgQIECAAAECgwsIoAafYMMjQIAAAQIECBAgQKCfgACqn6WeCBAgQIAAAQIECBAYXEAANfgEGx4BAgQIECBAgAABAv0EBFD9LPVEgAABAgQIECBAgMDgAgKowSfY8AgQIECAAAECBAgQ6CcggOpnqScCBAgQIECAAAECBAYXEEANPsGGR4AAAQIECBAgQIBAPwEBVD9LPREgQIAAAQIECBAgMLiAAGrwCTY8AgQIECBAgAABAgT6CQig+lnqiQABAgQIECBAgACBwQUEUINPsOERIECAAAECBAgQINBPQADVz1JPBAgQIECAAAECBAgMLiCAGnyCDY8AAQIECBAgQIAAgX4CAqh+lnoiQIAAAQIECBAgQGBwAQHU4BNseAQIECBAgAABAgQI9BMQQPWz1BMBAgQIECBAgAABAoMLCKAGn2DDI0CAAAECBAgQIECgn4AAqp+lnggQIECAAAECBAgQGFxAADX4BBseAQIECBAgQIAAAQL9BARQ/Sz1RIAAAQIECBAgQIDA4AICqMEn2PAIECBAgAABAgQIEOgnIIDqZ6knAgQIECBAgAABAgQGFxBADT7BhkeAAAECBAgQIECAQD8BAVQ/Sz0RIECAAAECBAgQIDC4gABq8Ak2PAIECBAgQIAAAQIE+gkIoPpZ6okAAQIECBAgQIAAgcEFBFCDT7DhESBAgAABAgQIECDQT0AA1c9STwQIECBAgAABAgQIDC4ggBp8gg2PAAECBAgQIECAAIF+AgKofpZ6IkCAAAECBAgQIEBgcAEB1OATbHgECBAgQIAAAQIECPQTEED1s9QTAQIECBAgQIAAAQKDCwigBp9gwyNAgAABAgQIECBAoJ+AAKqfpZ4IECBAgAABAgQIEBhcQAA1+AQbHgECBAgQIECAAAEC/QQEUP0s9USAAAECBAgQIECAwOACAqjBJ9jwCBAgQIAAAQIECBDoJyCA6mepJwIECBAgQIAAAQIEBhcQQA0+wYZHgAABAgQIECBAgEA/AQFUP0s9ESBAgAABAgQIECAwuIAAavAJNjwCBAgQIECAAAECBPoJCKD6WeqJAAECBAgQIECAAIHBBQRQg0+w4REgQIAAAQIECBAg0E9AANXPUk8ECBAgQIAAAQIECAwuIIAafIINjwABAgQIECBAgACBfgICqH6WeiJAgAABAgQIECBAYHABAdTgE2x4BAgQIECAAAECBAj0ExBA9bPUEwECBAgQIECAAAECgwsIoAafYMMjQIAAAQIECBAgQKCfgACqn6WeCBAgQIAAAQIECBAYXEAANfgEGx4BAgQIECBAgAABAv0EBFD9LPVEgAABAgQIECBAgMDgAgKowSfY8AgQIECAAAECBAgQ6CcggOpnqScCBAgQIECAAAECBAYXEEANPsGGR4AAAQIECBAgQIBAPwEBVD9LPREgQIAAAQIECBAgMLiAAGrwCTY8AgQIECBAgAABAgT6CQig+lnqiQABAgQIECBAgACBwQX+F9tTlq8eUzBzAAAAAElFTkSuQmCC', 1, '2025-07-18 04:14:59', '2025-07-18 04:20:47'),
(6, 3, 5, 1, 'data:image/png;base64,iVBORw0KGgoAAAANSUhEUgAAA1AAAACQCAYAAAAGG4oYAAAAAXNSR0IArs4c6QAAEMVJREFUeF7t3WusLlddx/EvltraUhAKjbQgN+MtWLFQwDZiMeKFpEElkYpEXiiBGC8JeHlpfdGEGCOv1KhIQkgJAjGoRG3UIIpRqVCoikiVNLZFCkEEW1qtiM8Kc2DncJr97DP78jzPfCZp2p691pr1/6zJ2fllZtY8JAcBAgQIECBAgAABAgQIrCXwkLVaaUSAAAECBAgQIECAAAECCVAuAgIECBAgQIAAAQIECKwpIECtCaUZAQIECBAgQIAAAQIEBCjXAAECBAgQIECAAAECBNYUEKDWhNKMAAECBAgQIECAAAECApRrgAABAgQIECBAgAABAmsKCFBrQmlGgAABAgQIECBAgAABAco1QIAAAQIECBAgQIAAgTUFBKg1oTQjQIAAAQIECBAgQICAAOUaIECAAAECBAgQIECAwJoCAtSaUJoRIECAAAECBAgQIEBAgHINECBAgAABAgQIECBAYE0BAWpNKM0IECBAgAABAgQIECAgQLkGCBAgQIAAAQIECBAgsKaAALUmlGYECBAgQIAAAQIECBAQoFwDBAgQIECAAAECBAgQWFNAgFoTSjMCBAgQIECAAAECBAgIUK4BAgQIECBAgAABAgQIrCkgQK0JpRkBAgQIECBAgAABAgQEKNcAAQIECBAgQIAAAQIE1hQQoNaE0owAAQIECBAgQIAAAQIClGuAAAECBAgQIECAAAECawoIUGtCaUaAAAECBAgQIECAAAEByjVAgAABAgQIECBAgACBNQUEqDWhNCNAgAABAgQIECBAgIAA5RogQIAAAQIECBAgQIDAmgIC1JpQmhEgQIAAAQIECBAgQECAcg0QIECAAAECBAgQIEBgTQEBak0ozQgQIHBAgcdUL6x+tLqwemj16OqR0zifq+6u/rb6dHVn9UB1QfXl1cOmf0a//51+9q7VeHdM///w6rzq/Gn8R1WXTv2/srqv+uR0jv+sPlZdXH1Vddk0l3+t/qH6ePVf09jPrJ5YfXv1zuq26sYD1q45AQIECBDYWQEBameXVmEECJyAwPVT8Di3uvoEzn+Up7yr+qfqFdUIXg4CBAgQILBIAQFqkcuuaAIEDlngouku0iEPu5HDvbd6efV3Gzk7kyJAgAABAkcsIEAdMbDhCRBYhMAPVW+cUelnq3PW6H/LnqD2ZdMjeePRu/v36TvGHo/43TM92nf71OfrT+v3hOmRwg9Of35Fde0Zxh6PHP5E9YY15qwJAQIECBDYKQEBaqeWUzEECJygwGuqT00BZLxvNI5xZ2oEl//YM6/x7tO4e3PvCc71IKe+prqhuuq0TuO9rJ+ufu0gg2lLgAABAgS2XUCA2vYVNH8CBAgcj8B11WunDStOnfEjqz97XDVCoYMAAQIECCxCQIBaxDIrkgABAociMHboe/Vqd77n7hntW6r3HcroBiFAgAABAlsgIEBtwSKZIgECBDZI4HnVTdWp3x9jm/bXbdD8TIUAAQIECBypgAB1pLwGJ0CAwM4JXFm9e09VYyOJH9m5KhVEgAABAgQeRECAcmkQIECAwEEExod+926AMT7Ce8lBBtCWAAECBAhss4AAtc2rZ+4ECBA4foHzqs9UYxv1cXyievTxT8MZCRAgQIDAyQgIUCfj7qwECBDYVoHLq/fvmfybqxdtazHmTYAAAQIEDiogQB1UTHsCBAgsW2C87/T6PQQ/X/3SsklUT4AAAQJLEhCglrTaaiVAgMB8gV+uXrVnmO+q/mT+sEYgQIAAAQLbISBAbcc6mSUBAgQ2ReDm6hl7JnNp9e+bMjnzIECAAAECRy0gQB21sPEJECCwOwLXVr+/p5wPVV+3O+WphAABAgQI7C8gQO1vpAUBAgQI1GOrW0/bcW+8+zTegXIQIECAAIHFCAhQi1lqhRIgQOCsBZ5QjUf3HrNnhA+v3n26uvroWY+qIwECBAgQ2EIBAWoLF82UCRAgcIwCIzT9aTW2Lz91PLC6G/UDq3eh3n6M83AqAgQIECCwEQIC1EYsg0kQIEBg4wTOr76v+pU+//je3sPW5Ru3XCZEgAABAsclIEAdl7TzECBAYDsExqYQL1s9mveK6sLTpnxX9WPVTdXntqMcsyRAgAABAocrIEAdrqfRCBAgsKkC31hdUt1e3Vs9tfq/6tzqEdVF1XOq66qvOEMR91Xjm0/v2tQCzYsAAQIECByHgAB1HMrOQYAAgeMVOKd6cfXS6mHVs2ae/p7q9dVPuvM0U1J3AgQIENh6AQFq65dQAQQIEPgSgZ+txhbjc45xp2qEpndMO/B9Zs5g+hIgQIAAgV0REKB2ZSXVQYAAgS8K/Nb0rtLZmNxRvWH1aN8NldB0NoL6ECBAgMBOCwhQO728iiNAYKECV6y2Hf/dany/ac7xkeqfVwNcX/2lx/fmUOpLgAABArsiIEDtykqqgwABAmcWGLvqfetq84fvrK5dbUv+8LOEGrvuva36ner3qvvPchzdCBAgQIDAVgsIUFu9fCZPgACBAwmMv/Ovrp5ZXVY9vXpy9fgDjfL5xjeu+v329I7UWXTXhQABAgQIbKeAALWd62bWBAgQOEyBp1Tjw7ljm/Jxl+qq6rw1TzA2m/jj6s3C1JpimhEgQIDAVgsIUFu9fCZPgACBIxEYvxueUV0zPf53ZfW4A5zpvdXdqzD2nuo3Vhta3HmAvpoSIECAAIGNFhCgNnp5TI4AAQIbIzA2pBh3psZjfyNQjX/O9MHdM0147Ow3NqR4Y/Wm6mMbU5WJECBAgACBAwoIUAcE05wAAQIEviDwpOp7p8f+Lqy+ec1NKv6g+vXVB37/iCUBAgQIENg2AQFq21bMfAkQILD5ApdXF6927Xta9YLqOdWZft/ctnr36tXTzn73bn5ZZkiAAAECBM78C40LAQIECBA4bIERpl5cvWT1XtRjTxt8PN43tkcfH/C95bBPbDwCBAgQIHCYAu5AHaamsQgQIEBgP4FzpjtSI0z94Bke+fvr6jenIHWrj/fux+nnBAgQIHDcAgLUcYs7HwECBAicEhiP+Y07UiNMjU0pTv+dNMLU2LjCQYAAAQIENkZAgNqYpTARAgQILFrgm6rvnjaleHZ1waTxltW/r1/drfrAonUUT4AAAQIbIyBAbcxSmAgBAgQITAJjR7/rVt+eeu0ekefbtc/1QYAAAQKbICBAbcIqmAMBAgQInElgfMj3HdMPxkd5x8d9HQQIECBA4EQFBKgT5XdyAgQIENhHYDy+9wtTm+dWf06MAAECBAicpIAAdZL6zk2AAAEC+wmMHfleNjV6ZfWa/Tr4OQECBAgQOEoBAeoodY1NgAABAnMFxsd2v2YaZPz3184dUH8CBAgQIDBHQICao6cvAQIECBylwPjg7s3VZdNJ3r3aSOJZR3lCYxMgQIAAgf0EBKj9hPycAAECBE5KYO/7T2MO3oE6qZVwXgIECBD4goAA5WIgQIAAgU0RuKh6XvVT1ZOrx++Z2Ng8YgQoBwECBAgQOFEBAepE+Z2cAAECixf46urnqqdXV1bnPIjIL67+fNyRchAgQIAAgRMVEKBOlN/JCRAgsEiBp1XfU33HdMdpP4SxE9/L92vk5wQIECBA4DgEBKjjUHYOAgQILFfgUdW3VZdXz54+hnvJGhyfrm6qfnX16N4712ivCQECBAgQOBYBAepYmJ2EAAECixJ4RPX86obqSWtW/t+roPVn1Zuq91e3rtlPMwIECBAgcKwCAtSxcjsZAQIEdlLg0urHq6dM24yvG5o+Wf1h9ZbVnam3V5/dSR1FESBAgMBOCQhQO7WciiFAgMCxCIw7TC+tnjp92Paq1d2mcx/kzPdXIyjdXr2n+kT1weqO1XtQfyM0Hct6OQkBAgQIHKKAAHWImIYiQIDADgtcXf1MNTaAeOI+dT4wfQD3bdXrptC0wzRKI0CAAIElCQhQS1pttRIgQOCLAg+tXlR9Q3VN9fHqBdXZ/l64ebWj3l9Vt1U3Vp+CTYAAAQIEdlHgbH9R7qKFmggQILBLAuevNmP4/uri6u7qJdM3lsbjdo+cUejYHe+WaaOHv58C03gUb2wC4SBAgAABAjsvIEDt/BIrkACBhQhcsfqu0l9UFx5CvR+Y7kidGuqu6n+mO0vjLtN9h3AOQxAgQIAAga0UEKC2ctlMmgABAl8i8MLVpg5vXcPlnup91Uerf6zuXN2d+pfq36oPr9FfEwIECBAgsGgBAWrRy694AgR2SGD8ff7D1QXVh85Q13jcbuyA5yBAgAABAgRmCAhQM/B0JUCAAAECBAgQIEBgWQIC1LLWW7UECBAgQIAAAQIECMwQEKBm4OlKgAABAgQIECBAgMCyBASoZa23agkQIECAAAECBAgQmCEgQM3A05UAAQIECBAgQIAAgWUJCFDLWm/VEiBAgAABAgQIECAwQ0CAmoGnKwECBAgQIECAAAECyxIQoJa13qolQIAAAQIECBAgQGCGgAA1A09XAgQIECBAgAABAgSWJSBALWu9VUuAAAECBAgQIECAwAwBAWoGnq4ECBAgQIAAAQIECCxLQIBa1nqrlgABAgQIECBAgACBGQIC1Aw8XQkQIECAAAECBAgQWJaAALWs9VYtAQIECBAgQIAAAQIzBASoGXi6EiBAgAABAgQIECCwLAEBalnrrVoCBAgQIECAAAECBGYICFAz8HQlQIAAAQIECBAgQGBZAgLUstZbtQQIECBAgAABAgQIzBAQoGbg6UqAAAECBAgQIECAwLIEBKhlrbdqCRAgQIAAAQIECBCYISBAzcDTlQABAgQIECBAgACBZQkIUMtab9USIECAAAECBAgQIDBDQICagacrAQIECBAgQIAAAQLLEhCglrXeqiVAgAABAgQIECBAYIaAADUDT1cCBAgQIECAAAECBJYlIEAta71VS4AAAQIECBAgQIDADAEBagaergQIECBAgAABAgQILEtAgFrWequWAAECBAgQIECAAIEZAgLUDDxdCRAgQIAAAQIECBBYloAAtaz1Vi0BAgQIECBAgAABAjMEBKgZeLoSIECAAAECBAgQILAsAQFqWeutWgIECBAgQIAAAQIEZggIUDPwdCVAgAABAgQIECBAYFkCAtSy1lu1BAgQIECAAAECBAjMEBCgZuDpSoAAAQIECBAgQIDAsgQEqGWtt2oJECBAgAABAgQIEJghIEDNwNOVAAECBAgQIECAAIFlCQhQy1pv1RIgQIAAAQIECBAgMENAgJqBpysBAgQIECBAgAABAssSEKCWtd6qJUCAAAECBAgQIEBghoAANQNPVwIECBAgQIAAAQIEliUgQC1rvVVLgAABAgQIECBAgMAMAQFqBp6uBAgQIECAAAECBAgsS0CAWtZ6q5YAAQIECBAgQIAAgRkCAtQMPF0JECBAgAABAgQIEFiWgAC1rPVWLQECBAgQIECAAAECMwQEqBl4uhIgQIAAAQIECBAgsCwBAWpZ661aAgQIECBAgAABAgRmCAhQM/B0JUCAAAECBAgQIEBgWQIC1LLWW7UECBAgQIAAAQIECMwQEKBm4OlKgAABAgQIECBAgMCyBASoZa23agkQIECAAAECBAgQmCEgQM3A05UAAQIECBAgQIAAgWUJCFDLWm/VEiBAgAABAgQIECAwQ0CAmoGnKwECBAgQIECAAAECyxIQoJa13qolQIAAAQIECBAgQGCGgAA1A09XAgQIECBAgAABAgSWJSBALWu9VUuAAAECBAgQIECAwAyB/wdGwe+RQxdvoAAAAABJRU5ErkJggg==', 1, '2025-07-18 04:14:59', '2025-07-18 04:21:03');

-- --------------------------------------------------------

--
-- Table structure for table `cache`
--

CREATE TABLE `cache` (
  `key` varchar(255) COLLATE utf8mb4_unicode_ci NOT NULL,
  `value` mediumtext COLLATE utf8mb4_unicode_ci NOT NULL,
  `expiration` int NOT NULL
) ENGINE=InnoDB DEFAULT CHARSET=utf8mb4 COLLATE=utf8mb4_unicode_ci;

--
-- Dumping data for table `cache`
--

INSERT INTO `cache` (`key`, `value`, `expiration`) VALUES
('comunidades-v5-cache-356a192b7913b04c54574d18c28d46e6395428ab', 'i:2;', 1752792478),
('comunidades-v5-cache-356a192b7913b04c54574d18c28d46e6395428ab:timer', 'i:1752792478;', 1752792478);

-- --------------------------------------------------------

--
-- Table structure for table `cache_locks`
--

CREATE TABLE `cache_locks` (
  `key` varchar(255) COLLATE utf8mb4_unicode_ci NOT NULL,
  `owner` varchar(255) COLLATE utf8mb4_unicode_ci NOT NULL,
  `expiration` int NOT NULL
) ENGINE=InnoDB DEFAULT CHARSET=utf8mb4 COLLATE=utf8mb4_unicode_ci;

-- --------------------------------------------------------

--
-- Table structure for table `components`
--

CREATE TABLE `components` (
  `id` bigint UNSIGNED NOT NULL,
  `name` varchar(45) COLLATE utf8mb4_unicode_ci DEFAULT NULL,
  `action_lines_id` bigint UNSIGNED NOT NULL,
  `action_lines_program_id` bigint UNSIGNED NOT NULL,
  `created_at` timestamp NULL DEFAULT NULL,
  `updated_at` timestamp NULL DEFAULT NULL
) ENGINE=InnoDB DEFAULT CHARSET=utf8mb4 COLLATE=utf8mb4_unicode_ci;

--
-- Dumping data for table `components`
--

INSERT INTO `components` (`id`, `name`, `action_lines_id`, `action_lines_program_id`, `created_at`, `updated_at`) VALUES
(1, 'Componente 1', 1, 1, '2025-07-17 20:28:25', '2025-07-17 20:28:25'),
(2, 'Componente 2', 2, 4, '2025-07-17 20:28:53', '2025-07-17 20:28:53'),
(3, 'Componente 3', 3, 2, '2025-07-17 20:29:06', '2025-07-17 20:29:06'),
(4, 'Componente 4', 4, 3, '2025-07-17 20:29:19', '2025-07-17 20:29:19');

-- --------------------------------------------------------

--
-- Table structure for table `failed_jobs`
--

CREATE TABLE `failed_jobs` (
  `id` bigint UNSIGNED NOT NULL,
  `uuid` varchar(255) COLLATE utf8mb4_unicode_ci NOT NULL,
  `connection` text COLLATE utf8mb4_unicode_ci NOT NULL,
  `queue` text COLLATE utf8mb4_unicode_ci NOT NULL,
  `payload` longtext COLLATE utf8mb4_unicode_ci NOT NULL,
  `exception` longtext COLLATE utf8mb4_unicode_ci NOT NULL,
  `failed_at` timestamp NOT NULL DEFAULT CURRENT_TIMESTAMP
) ENGINE=InnoDB DEFAULT CHARSET=utf8mb4 COLLATE=utf8mb4_unicode_ci;

-- --------------------------------------------------------

--
-- Table structure for table `financiers`
--

CREATE TABLE `financiers` (
  `id` bigint UNSIGNED NOT NULL,
  `name` varchar(500) COLLATE utf8mb4_unicode_ci DEFAULT NULL,
  `created_at` timestamp NULL DEFAULT NULL,
  `updated_at` timestamp NULL DEFAULT NULL
) ENGINE=InnoDB DEFAULT CHARSET=utf8mb4 COLLATE=utf8mb4_unicode_ci;

--
-- Dumping data for table `financiers`
--

INSERT INTO `financiers` (`id`, `name`, `created_at`, `updated_at`) VALUES
(1, 'Financiera 1', '2025-07-17 04:41:36', '2025-07-17 04:41:36'),
(2, 'Financiera 2', '2025-07-17 20:36:40', '2025-07-17 20:36:40');

-- --------------------------------------------------------

--
-- Table structure for table `goals`
--

CREATE TABLE `goals` (
  `id` bigint UNSIGNED NOT NULL,
  `description` text COLLATE utf8mb4_unicode_ci,
  `number` int DEFAULT NULL,
  `components_id` bigint UNSIGNED NOT NULL,
  `components_action_lines_id` bigint UNSIGNED NOT NULL,
  `components_action_lines_program_id` bigint UNSIGNED NOT NULL,
  `organizations_id` bigint UNSIGNED NOT NULL,
  `created_at` timestamp NULL DEFAULT NULL,
  `updated_at` timestamp NULL DEFAULT NULL
) ENGINE=InnoDB DEFAULT CHARSET=utf8mb4 COLLATE=utf8mb4_unicode_ci;

--
-- Dumping data for table `goals`
--

INSERT INTO `goals` (`id`, `description`, `number`, `components_id`, `components_action_lines_id`, `components_action_lines_program_id`, `organizations_id`, `created_at`, `updated_at`) VALUES
(1, 'Meta 1', 1, 1, 1, 1, 1, '2025-07-17 20:34:30', '2025-07-17 20:34:30'),
(2, 'Meta 2', 2, 2, 2, 2, 2, '2025-07-17 20:34:49', '2025-07-17 20:34:49');

-- --------------------------------------------------------

--
-- Table structure for table `jobs`
--

CREATE TABLE `jobs` (
  `id` bigint UNSIGNED NOT NULL,
  `queue` varchar(255) COLLATE utf8mb4_unicode_ci NOT NULL,
  `payload` longtext COLLATE utf8mb4_unicode_ci NOT NULL,
  `attempts` tinyint UNSIGNED NOT NULL,
  `reserved_at` int UNSIGNED DEFAULT NULL,
  `available_at` int UNSIGNED NOT NULL,
  `created_at` int UNSIGNED NOT NULL
) ENGINE=InnoDB DEFAULT CHARSET=utf8mb4 COLLATE=utf8mb4_unicode_ci;

-- --------------------------------------------------------

--
-- Table structure for table `job_batches`
--

CREATE TABLE `job_batches` (
  `id` varchar(255) COLLATE utf8mb4_unicode_ci NOT NULL,
  `name` varchar(255) COLLATE utf8mb4_unicode_ci NOT NULL,
  `total_jobs` int NOT NULL,
  `pending_jobs` int NOT NULL,
  `failed_jobs` int NOT NULL,
  `failed_job_ids` longtext COLLATE utf8mb4_unicode_ci NOT NULL,
  `options` mediumtext COLLATE utf8mb4_unicode_ci,
  `cancelled_at` int DEFAULT NULL,
  `created_at` int NOT NULL,
  `finished_at` int DEFAULT NULL
) ENGINE=InnoDB DEFAULT CHARSET=utf8mb4 COLLATE=utf8mb4_unicode_ci;

-- --------------------------------------------------------

--
-- Table structure for table `kpis`
--

CREATE TABLE `kpis` (
  `id` bigint UNSIGNED NOT NULL,
  `name` varchar(50) COLLATE utf8mb4_unicode_ci DEFAULT NULL,
  `description` text COLLATE utf8mb4_unicode_ci,
  `initial_value` decimal(10,2) DEFAULT NULL,
  `final_value` decimal(10,2) DEFAULT NULL,
  `projects_id` bigint UNSIGNED NOT NULL,
  `is_percentage` tinyint(1) DEFAULT NULL,
  `org_area` varchar(100) COLLATE utf8mb4_unicode_ci DEFAULT NULL,
  `created_at` timestamp NULL DEFAULT NULL,
  `updated_at` timestamp NULL DEFAULT NULL
) ENGINE=InnoDB DEFAULT CHARSET=utf8mb4 COLLATE=utf8mb4_unicode_ci;

--
-- Dumping data for table `kpis`
--

INSERT INTO `kpis` (`id`, `name`, `description`, `initial_value`, `final_value`, `projects_id`, `is_percentage`, `org_area`, `created_at`, `updated_at`) VALUES
(1, 'KPI 1', 'KPI 1', 100.00, 1000.00, 1, 0, 'Mejora Continua', '2025-07-17 20:55:22', '2025-07-17 20:55:22'),
(2, 'KPI 2', 'KPI 2', 10.00, 100.00, 2, 1, 'Red de Vecinos', '2025-07-17 20:56:54', '2025-07-17 20:56:54');

-- --------------------------------------------------------

--
-- Table structure for table `locations`
--

CREATE TABLE `locations` (
  `id` bigint UNSIGNED NOT NULL,
  `name` varchar(150) COLLATE utf8mb4_unicode_ci NOT NULL,
  `category` varchar(50) COLLATE utf8mb4_unicode_ci DEFAULT NULL,
  `street` text COLLATE utf8mb4_unicode_ci,
  `neighborhood` varchar(100) COLLATE utf8mb4_unicode_ci DEFAULT NULL,
  `ext_number` int DEFAULT NULL,
  `int_number` int DEFAULT NULL,
  `google_place_id` varchar(500) COLLATE utf8mb4_unicode_ci DEFAULT NULL,
  `polygons_id` bigint UNSIGNED NOT NULL,
  `created_by` bigint UNSIGNED NOT NULL,
  `created_at` timestamp NULL DEFAULT NULL,
  `updated_at` timestamp NULL DEFAULT NULL
) ENGINE=InnoDB DEFAULT CHARSET=utf8mb4 COLLATE=utf8mb4_unicode_ci;

--
-- Dumping data for table `locations`
--

INSERT INTO `locations` (`id`, `name`, `category`, `street`, `neighborhood`, `ext_number`, `int_number`, `google_place_id`, `polygons_id`, `created_by`, `created_at`, `updated_at`) VALUES
(1, 'Ubicación 1', 'Categoria 1', 'Calle Cebada 7970\nColonia el granjero', 'Colonia 1', 1234, NULL, NULL, 1, 1, '2025-07-17 21:52:03', '2025-07-17 21:58:17');

-- --------------------------------------------------------

--
-- Table structure for table `migrations`
--

CREATE TABLE `migrations` (
  `id` int UNSIGNED NOT NULL,
  `migration` varchar(255) COLLATE utf8mb4_unicode_ci NOT NULL,
  `batch` int NOT NULL
) ENGINE=InnoDB DEFAULT CHARSET=utf8mb4 COLLATE=utf8mb4_unicode_ci;

--
-- Dumping data for table `migrations`
--

INSERT INTO `migrations` (`id`, `migration`, `batch`) VALUES
(35, '0001_01_01_000000_create_users_table', 1),
(36, '0001_01_01_000001_create_cache_table', 1),
(37, '0001_01_01_000002_create_jobs_table', 1),
(38, '2025_07_16_210907_create_organizations_table', 1),
(39, '2025_07_16_210908_add_fields_to_users_table', 1),
(40, '2025_07_16_215251_create_axes_table', 1),
(41, '2025_07_16_215252_create_programs_table', 1),
(42, '2025_07_16_215253_create_action_lines_table', 1),
(43, '2025_07_16_215255_create_components_table', 1),
(44, '2025_07_16_215256_create_financiers_table', 1),
(45, '2025_07_16_215257_create_projects_table', 1),
(46, '2025_07_16_215258_create_kpis_table', 1),
(47, '2025_07_16_215259_create_program_indicators_table', 1),
(48, '2025_07_16_215300_create_specific_objectives_table', 1),
(49, '2025_07_16_215301_create_goals_table', 1),
(50, '2025_07_16_215302_create_activities_table', 1),
(51, '2025_07_16_215303_create_polygons_table', 1),
(52, '2025_07_16_215304_create_locations_table', 1),
(53, '2025_07_16_215305_create_activity_calendars_table', 1),
(54, '2025_07_16_215306_create_beneficiaries_table', 1),
(55, '2025_07_16_215307_create_beneficiary_registries_table', 1),
(56, '2025_07_16_215308_create_planned_metrics_table', 1),
(57, '2025_07_16_215309_create_activity_logs_table', 1),
(58, '2025_07_16_215310_create_project_reports_table', 1),
(59, '2025_07_16_215311_create_project_disbursements_table', 1),
(60, '2025_07_16_215312_create_activity_files_table', 1),
(61, '2025_07_17_020936_remove_belongs_to_from_programs_table', 2),
(62, '2025_07_17_023202_remove_belongs_to_from_action_lines_table', 2),
(63, '2025_07_17_023755_remove_belongs_to_from_components_table', 2),
(64, '2025_07_17_024029_remove_belongs_to_from_program_indicators_table', 2),
(65, '2025_07_17_024446_remove_belongs_to_from_goals_table', 2),
(66, '2025_07_17_025619_remove_belongs_to_from_projects_table', 2),
(67, '2025_07_17_031121_remove_belongs_to_from_kpis_table', 2),
(68, '2025_07_17_032039_remove_belongs_to_from_specific_objectives_table', 2),
(69, '2025_07_17_032352_remove_belongs_to_from_activities_table', 2),
(70, '2025_07_17_033218_remove_belongs_to_from_planned_metrics_table', 2),
(71, '2025_07_17_150803_make_activity_progress_log_id_nullable_in_planned_metrics_table', 3),
(72, '2025_07_17_153115_remove_belongs_to_from_locations_table', 4),
(73, '2025_07_17_160512_remove_belongsto_from_activity_calendars_table', 5),
(74, '2025_07_17_164522_remove_signature_from_beneficiaries_table', 6),
(75, '2025_07_17_171444_add_signature_to_beneficiaries_table', 7),
(76, '2025_07_17_172043_remove_belongsto_from_beneficiaries_table', 8),
(77, '2025_07_17_172120_remove_belongsto_from_beneficiary_registries_table', 8),
(78, '2025_07_17_173117_remove_belongsto_from_activity_logs_table', 9),
(79, '2025_07_17_173131_remove_belongsto_from_activity_files_table', 9),
(80, '2025_07_17_175856_add_name_to_activities_table', 10),
(81, '2025_07_17_210051_add_identifier_to_beneficiaries_table', 11),
(82, '2025_07_17_224315_add_activity_calendar_id_to_activity_files_table', 12);

-- --------------------------------------------------------

--
-- Table structure for table `organizations`
--

CREATE TABLE `organizations` (
  `id` bigint UNSIGNED NOT NULL,
  `name` varchar(500) COLLATE utf8mb4_unicode_ci DEFAULT NULL,
  `created_at` timestamp NULL DEFAULT NULL,
  `updated_at` timestamp NULL DEFAULT NULL
) ENGINE=InnoDB DEFAULT CHARSET=utf8mb4 COLLATE=utf8mb4_unicode_ci;

--
-- Dumping data for table `organizations`
--

INSERT INTO `organizations` (`id`, `name`, `created_at`, `updated_at`) VALUES
(1, 'Organización 1', '2025-07-17 04:41:20', '2025-07-17 04:41:20'),
(2, 'Organización 2', '2025-07-17 20:33:55', '2025-07-17 20:33:55');

-- --------------------------------------------------------

--
-- Table structure for table `password_reset_tokens`
--

CREATE TABLE `password_reset_tokens` (
  `email` varchar(255) COLLATE utf8mb4_unicode_ci NOT NULL,
  `token` varchar(255) COLLATE utf8mb4_unicode_ci NOT NULL,
  `created_at` timestamp NULL DEFAULT NULL
) ENGINE=InnoDB DEFAULT CHARSET=utf8mb4 COLLATE=utf8mb4_unicode_ci;

-- --------------------------------------------------------

--
-- Table structure for table `planned_metrics`
--

CREATE TABLE `planned_metrics` (
  `id` bigint UNSIGNED NOT NULL,
  `activity_id` bigint UNSIGNED NOT NULL,
  `unit` varchar(100) COLLATE utf8mb4_unicode_ci DEFAULT NULL,
  `year` int DEFAULT NULL,
  `month` int DEFAULT NULL,
  `population_target_value` decimal(10,2) DEFAULT NULL,
  `population_real_value` decimal(10,2) NOT NULL DEFAULT '0.00',
  `product_target_value` decimal(10,2) DEFAULT NULL,
  `product_real_value` decimal(10,2) DEFAULT NULL,
  `activity_progress_log_id` bigint UNSIGNED DEFAULT NULL,
  `created_at` timestamp NULL DEFAULT NULL,
  `updated_at` timestamp NULL DEFAULT NULL
) ENGINE=InnoDB DEFAULT CHARSET=utf8mb4 COLLATE=utf8mb4_unicode_ci;

--
-- Dumping data for table `planned_metrics`
--

INSERT INTO `planned_metrics` (`id`, `activity_id`, `unit`, `year`, `month`, `population_target_value`, `population_real_value`, `product_target_value`, `product_real_value`, `activity_progress_log_id`, `created_at`, `updated_at`) VALUES
(1, 1, 'Población', 2015, 12, 100.00, 50.00, NULL, NULL, NULL, '2025-07-17 21:09:09', '2025-07-17 21:09:09');

-- --------------------------------------------------------

--
-- Table structure for table `polygons`
--

CREATE TABLE `polygons` (
  `id` bigint UNSIGNED NOT NULL,
  `name` varchar(100) COLLATE utf8mb4_unicode_ci NOT NULL,
  `description` text COLLATE utf8mb4_unicode_ci,
  `created_at` timestamp NULL DEFAULT NULL,
  `updated_at` timestamp NULL DEFAULT NULL
) ENGINE=InnoDB DEFAULT CHARSET=utf8mb4 COLLATE=utf8mb4_unicode_ci;

--
-- Dumping data for table `polygons`
--

INSERT INTO `polygons` (`id`, `name`, `description`, `created_at`, `updated_at`) VALUES
(1, 'Poligono 1', 'Es un Ejemplo', '2025-07-17 04:41:50', '2025-07-17 04:42:22');

-- --------------------------------------------------------

--
-- Table structure for table `programs`
--

CREATE TABLE `programs` (
  `id` bigint UNSIGNED NOT NULL,
  `axes_id` bigint UNSIGNED NOT NULL,
  `name` varchar(500) COLLATE utf8mb4_unicode_ci NOT NULL,
  `created_at` timestamp NULL DEFAULT NULL,
  `updated_at` timestamp NULL DEFAULT NULL
) ENGINE=InnoDB DEFAULT CHARSET=utf8mb4 COLLATE=utf8mb4_unicode_ci;

--
-- Dumping data for table `programs`
--

INSERT INTO `programs` (`id`, `axes_id`, `name`, `created_at`, `updated_at`) VALUES
(1, 1, 'Programa 1', '2025-07-17 20:22:05', '2025-07-17 20:22:05'),
(2, 2, 'Programa 2', '2025-07-17 20:22:21', '2025-07-17 20:22:21'),
(3, 1, 'Programa 2', '2025-07-17 20:22:45', '2025-07-17 20:22:45'),
(4, 2, 'Programa 1', '2025-07-17 20:22:57', '2025-07-17 20:22:57');

-- --------------------------------------------------------

--
-- Table structure for table `program_indicators`
--

CREATE TABLE `program_indicators` (
  `id` bigint UNSIGNED NOT NULL,
  `name` varchar(45) COLLATE utf8mb4_unicode_ci DEFAULT NULL,
  `description` text COLLATE utf8mb4_unicode_ci,
  `initial_value` decimal(10,2) DEFAULT NULL,
  `final_value` decimal(10,2) DEFAULT NULL,
  `program_id` bigint UNSIGNED NOT NULL,
  `program_axes_id` bigint UNSIGNED NOT NULL,
  `created_at` timestamp NULL DEFAULT NULL,
  `updated_at` timestamp NULL DEFAULT NULL
) ENGINE=InnoDB DEFAULT CHARSET=utf8mb4 COLLATE=utf8mb4_unicode_ci;

--
-- Dumping data for table `program_indicators`
--

INSERT INTO `program_indicators` (`id`, `name`, `description`, `initial_value`, `final_value`, `program_id`, `program_axes_id`, `created_at`, `updated_at`) VALUES
(1, 'Indicador de programa 1', 'Dexcripcion de indicador de programa 1', 10.00, 100.00, 1, 1, '2025-07-17 20:31:38', '2025-07-17 20:31:38'),
(2, 'Indicador de programa 2', 'Descripción indicador de programa 2', 20.00, 200.00, 4, 1, '2025-07-17 20:32:12', '2025-07-17 20:32:12'),
(3, 'Indicador de programa 3', 'Indicador de programa 3', 30.00, 300.00, 2, 2, '2025-07-17 20:32:35', '2025-07-17 20:32:35'),
(4, 'Indicador de programa 4', 'Indicador de programa 4', 40.00, 400.00, 3, 2, '2025-07-17 20:32:55', '2025-07-17 20:32:55');

-- --------------------------------------------------------

--
-- Table structure for table `projects`
--

CREATE TABLE `projects` (
  `id` bigint UNSIGNED NOT NULL,
  `name` varchar(500) COLLATE utf8mb4_unicode_ci NOT NULL,
  `background` text COLLATE utf8mb4_unicode_ci,
  `justification` text COLLATE utf8mb4_unicode_ci,
  `general_objective` text COLLATE utf8mb4_unicode_ci,
  `financiers_id` bigint UNSIGNED NOT NULL,
  `start_date` date DEFAULT NULL,
  `end_date` date DEFAULT NULL,
  `total_cost` double DEFAULT NULL,
  `funded_amount` double DEFAULT NULL,
  `cofunding_amount` double DEFAULT NULL,
  `monthly_disbursement` double DEFAULT NULL,
  `followup_officer` text COLLATE utf8mb4_unicode_ci,
  `agreement_file` text COLLATE utf8mb4_unicode_ci,
  `project_base_file` text COLLATE utf8mb4_unicode_ci,
  `co_financier_id` bigint UNSIGNED DEFAULT NULL,
  `created_by` bigint UNSIGNED NOT NULL,
  `created_at` timestamp NULL DEFAULT NULL,
  `updated_at` timestamp NULL DEFAULT NULL
) ENGINE=InnoDB DEFAULT CHARSET=utf8mb4 COLLATE=utf8mb4_unicode_ci;

--
-- Dumping data for table `projects`
--

INSERT INTO `projects` (`id`, `name`, `background`, `justification`, `general_objective`, `financiers_id`, `start_date`, `end_date`, `total_cost`, `funded_amount`, `cofunding_amount`, `monthly_disbursement`, `followup_officer`, `agreement_file`, `project_base_file`, `co_financier_id`, `created_by`, `created_at`, `updated_at`) VALUES
(1, 'Proyecto 1', NULL, NULL, NULL, 2, '2025-08-01', '2026-08-01', 1000000, 750000, 250000, 50000, NULL, NULL, NULL, 1, 1, '2025-07-17 20:38:21', '2025-07-17 20:38:21'),
(2, 'Proyecto 2', NULL, NULL, NULL, 1, '2025-07-30', '2025-09-30', 2000000, 2000000, 0, 10000, NULL, NULL, NULL, NULL, 1, '2025-07-17 20:41:21', '2025-07-17 20:41:21');

-- --------------------------------------------------------

--
-- Table structure for table `project_disbursements`
--

CREATE TABLE `project_disbursements` (
  `id` bigint UNSIGNED NOT NULL,
  `projects_id` bigint UNSIGNED NOT NULL,
  `amount` double DEFAULT NULL,
  `disbursement_date` date DEFAULT NULL,
  `created_by` bigint UNSIGNED NOT NULL,
  `belongsTo` varchar(255) COLLATE utf8mb4_unicode_ci NOT NULL,
  `created_at` timestamp NULL DEFAULT NULL,
  `updated_at` timestamp NULL DEFAULT NULL
) ENGINE=InnoDB DEFAULT CHARSET=utf8mb4 COLLATE=utf8mb4_unicode_ci;

-- --------------------------------------------------------

--
-- Table structure for table `project_reports`
--

CREATE TABLE `project_reports` (
  `id` bigint UNSIGNED NOT NULL,
  `report_date` date DEFAULT NULL,
  `report_file` text COLLATE utf8mb4_unicode_ci,
  `projects_id` bigint UNSIGNED NOT NULL,
  `created_by` bigint UNSIGNED NOT NULL,
  `belongsTo` varchar(255) COLLATE utf8mb4_unicode_ci NOT NULL,
  `created_at` timestamp NULL DEFAULT NULL,
  `updated_at` timestamp NULL DEFAULT NULL
) ENGINE=InnoDB DEFAULT CHARSET=utf8mb4 COLLATE=utf8mb4_unicode_ci;

-- --------------------------------------------------------

--
-- Table structure for table `sessions`
--

CREATE TABLE `sessions` (
  `id` varchar(255) COLLATE utf8mb4_unicode_ci NOT NULL,
  `user_id` bigint UNSIGNED DEFAULT NULL,
  `ip_address` varchar(45) COLLATE utf8mb4_unicode_ci DEFAULT NULL,
  `user_agent` text COLLATE utf8mb4_unicode_ci,
  `payload` longtext COLLATE utf8mb4_unicode_ci NOT NULL,
  `last_activity` int NOT NULL
) ENGINE=InnoDB DEFAULT CHARSET=utf8mb4 COLLATE=utf8mb4_unicode_ci;

--
-- Dumping data for table `sessions`
--

INSERT INTO `sessions` (`id`, `user_id`, `ip_address`, `user_agent`, `payload`, `last_activity`) VALUES
('kx4Vzy4x2zs1pYEdbutBfLFrjDw4rX1exkjPdb7K', 1, '127.0.0.1', 'Mozilla/5.0 (Windows NT 10.0; Win64; x64) AppleWebKit/537.36 (KHTML, like Gecko) Chrome/138.0.0.0 Safari/537.36', 'YTo3OntzOjY6Il90b2tlbiI7czo0MDoiSFJhNkRDWHVHa0Rlc1UxMzJiZjlDTVhxSVU3dWxZcDloczBiSWlRRyI7czozOiJ1cmwiO2E6MDp7fXM6OToiX3ByZXZpb3VzIjthOjE6e3M6MzoidXJsIjtzOjQ5OiJodHRwOi8vMTI3LjAuMC4xOjgwMDAvYWRtaW4vYWN0aXZpdHktZmlsZS1tYW5hZ2VyIjt9czo2OiJfZmxhc2giO2E6Mjp7czozOiJvbGQiO2E6MDp7fXM6MzoibmV3IjthOjA6e319czo1MDoibG9naW5fd2ViXzU5YmEzNmFkZGMyYjJmOTQwMTU4MGYwMTRjN2Y1OGVhNGUzMDk4OWQiO2k6MTtzOjE3OiJwYXNzd29yZF9oYXNoX3dlYiI7czo2MDoiJDJ5JDEyJGUxQjhLc3FXbEdXN1B0Z2JtWTFsZWVJWG9tS29zT1NPWGNqNVpOZy91NU1sT1I3Y3dhb3JLIjtzOjg6ImZpbGFtZW50IjthOjA6e319', 1752792457);

-- --------------------------------------------------------

--
-- Table structure for table `specific_objectives`
--

CREATE TABLE `specific_objectives` (
  `id` bigint UNSIGNED NOT NULL,
  `description` text COLLATE utf8mb4_unicode_ci,
  `projects_id` bigint UNSIGNED NOT NULL,
  `created_at` timestamp NULL DEFAULT NULL,
  `updated_at` timestamp NULL DEFAULT NULL
) ENGINE=InnoDB DEFAULT CHARSET=utf8mb4 COLLATE=utf8mb4_unicode_ci;

--
-- Dumping data for table `specific_objectives`
--

INSERT INTO `specific_objectives` (`id`, `description`, `projects_id`, `created_at`, `updated_at`) VALUES
(1, 'Objetivo Especifico 1', 1, '2025-07-17 21:00:41', '2025-07-17 21:00:41'),
(2, 'Objetivo Especifico 2', 2, '2025-07-17 21:01:00', '2025-07-17 21:01:00');

-- --------------------------------------------------------

--
-- Table structure for table `users`
--

CREATE TABLE `users` (
  `id` bigint UNSIGNED NOT NULL,
  `name` varchar(255) COLLATE utf8mb4_unicode_ci NOT NULL,
  `email` varchar(255) COLLATE utf8mb4_unicode_ci NOT NULL,
  `email_verified_at` timestamp NULL DEFAULT NULL,
  `password` varchar(255) COLLATE utf8mb4_unicode_ci NOT NULL,
  `remember_token` varchar(100) COLLATE utf8mb4_unicode_ci DEFAULT NULL,
  `created_at` timestamp NULL DEFAULT NULL,
  `updated_at` timestamp NULL DEFAULT NULL,
  `point_of_contact_id` bigint UNSIGNED DEFAULT NULL,
  `phone` varchar(45) COLLATE utf8mb4_unicode_ci DEFAULT NULL,
  `org_role` varchar(45) COLLATE utf8mb4_unicode_ci DEFAULT NULL,
  `organizations_id` bigint UNSIGNED DEFAULT NULL,
  `org_area` varchar(100) COLLATE utf8mb4_unicode_ci DEFAULT NULL
) ENGINE=InnoDB DEFAULT CHARSET=utf8mb4 COLLATE=utf8mb4_unicode_ci;

--
-- Dumping data for table `users`
--

INSERT INTO `users` (`id`, `name`, `email`, `email_verified_at`, `password`, `remember_token`, `created_at`, `updated_at`, `point_of_contact_id`, `phone`, `org_role`, `organizations_id`, `org_area`) VALUES
(1, 'David García', 'dgarcia@planjuarez.org', NULL, '$2y$12$e1B8KsqWlGW7PtgbmY1leeIXomKosOSOXcj5ZNg/u5MlOR7cwaorK', NULL, '2025-07-17 04:18:47', '2025-07-17 04:45:43', NULL, '6562786534', 'Desarrollador', 1, 'Mejora Continua'),
(2, 'Capturista', 'capturista@test.com', NULL, '$2y$12$M.FASMD4iDiOUawH77oOIOLjm3k6VrfnJG1mQ8662VSJJaY4TWTHm', NULL, '2025-07-17 04:51:11', '2025-07-17 04:51:11', 1, NULL, 'Promotor', 1, 'Red de Vecinos');

--
-- Indexes for dumped tables
--

--
-- Indexes for table `action_lines`
--
ALTER TABLE `action_lines`
  ADD PRIMARY KEY (`id`);

--
-- Indexes for table `activities`
--
ALTER TABLE `activities`
  ADD PRIMARY KEY (`id`);

--
-- Indexes for table `activity_calendars`
--
ALTER TABLE `activity_calendars`
  ADD PRIMARY KEY (`id`);

--
-- Indexes for table `activity_files`
--
ALTER TABLE `activity_files`
  ADD PRIMARY KEY (`id`),
  ADD KEY `activity_files_activity_calendar_id_foreign` (`activity_calendar_id`);

--
-- Indexes for table `activity_logs`
--
ALTER TABLE `activity_logs`
  ADD PRIMARY KEY (`id`);

--
-- Indexes for table `axes`
--
ALTER TABLE `axes`
  ADD PRIMARY KEY (`id`);

--
-- Indexes for table `beneficiaries`
--
ALTER TABLE `beneficiaries`
  ADD PRIMARY KEY (`id`),
  ADD UNIQUE KEY `beneficiaries_identifier_unique` (`identifier`);

--
-- Indexes for table `beneficiary_registries`
--
ALTER TABLE `beneficiary_registries`
  ADD PRIMARY KEY (`id`);

--
-- Indexes for table `cache`
--
ALTER TABLE `cache`
  ADD PRIMARY KEY (`key`);

--
-- Indexes for table `cache_locks`
--
ALTER TABLE `cache_locks`
  ADD PRIMARY KEY (`key`);

--
-- Indexes for table `components`
--
ALTER TABLE `components`
  ADD PRIMARY KEY (`id`);

--
-- Indexes for table `failed_jobs`
--
ALTER TABLE `failed_jobs`
  ADD PRIMARY KEY (`id`),
  ADD UNIQUE KEY `failed_jobs_uuid_unique` (`uuid`);

--
-- Indexes for table `financiers`
--
ALTER TABLE `financiers`
  ADD PRIMARY KEY (`id`);

--
-- Indexes for table `goals`
--
ALTER TABLE `goals`
  ADD PRIMARY KEY (`id`);

--
-- Indexes for table `jobs`
--
ALTER TABLE `jobs`
  ADD PRIMARY KEY (`id`),
  ADD KEY `jobs_queue_index` (`queue`);

--
-- Indexes for table `job_batches`
--
ALTER TABLE `job_batches`
  ADD PRIMARY KEY (`id`);

--
-- Indexes for table `kpis`
--
ALTER TABLE `kpis`
  ADD PRIMARY KEY (`id`);

--
-- Indexes for table `locations`
--
ALTER TABLE `locations`
  ADD PRIMARY KEY (`id`),
  ADD UNIQUE KEY `locations_name_unique` (`name`);

--
-- Indexes for table `migrations`
--
ALTER TABLE `migrations`
  ADD PRIMARY KEY (`id`);

--
-- Indexes for table `organizations`
--
ALTER TABLE `organizations`
  ADD PRIMARY KEY (`id`);

--
-- Indexes for table `password_reset_tokens`
--
ALTER TABLE `password_reset_tokens`
  ADD PRIMARY KEY (`email`);

--
-- Indexes for table `planned_metrics`
--
ALTER TABLE `planned_metrics`
  ADD PRIMARY KEY (`id`);

--
-- Indexes for table `polygons`
--
ALTER TABLE `polygons`
  ADD PRIMARY KEY (`id`),
  ADD UNIQUE KEY `polygons_name_unique` (`name`);

--
-- Indexes for table `programs`
--
ALTER TABLE `programs`
  ADD PRIMARY KEY (`id`);

--
-- Indexes for table `program_indicators`
--
ALTER TABLE `program_indicators`
  ADD PRIMARY KEY (`id`);

--
-- Indexes for table `projects`
--
ALTER TABLE `projects`
  ADD PRIMARY KEY (`id`);

--
-- Indexes for table `project_disbursements`
--
ALTER TABLE `project_disbursements`
  ADD PRIMARY KEY (`id`);

--
-- Indexes for table `project_reports`
--
ALTER TABLE `project_reports`
  ADD PRIMARY KEY (`id`);

--
-- Indexes for table `sessions`
--
ALTER TABLE `sessions`
  ADD PRIMARY KEY (`id`),
  ADD KEY `sessions_user_id_index` (`user_id`),
  ADD KEY `sessions_last_activity_index` (`last_activity`);

--
-- Indexes for table `specific_objectives`
--
ALTER TABLE `specific_objectives`
  ADD PRIMARY KEY (`id`);

--
-- Indexes for table `users`
--
ALTER TABLE `users`
  ADD PRIMARY KEY (`id`),
  ADD UNIQUE KEY `users_email_unique` (`email`);

--
-- AUTO_INCREMENT for dumped tables
--

--
-- AUTO_INCREMENT for table `action_lines`
--
ALTER TABLE `action_lines`
  MODIFY `id` bigint UNSIGNED NOT NULL AUTO_INCREMENT, AUTO_INCREMENT=5;

--
-- AUTO_INCREMENT for table `activities`
--
ALTER TABLE `activities`
  MODIFY `id` bigint UNSIGNED NOT NULL AUTO_INCREMENT, AUTO_INCREMENT=3;

--
-- AUTO_INCREMENT for table `activity_calendars`
--
ALTER TABLE `activity_calendars`
  MODIFY `id` bigint UNSIGNED NOT NULL AUTO_INCREMENT, AUTO_INCREMENT=4;

--
-- AUTO_INCREMENT for table `activity_files`
--
ALTER TABLE `activity_files`
  MODIFY `id` bigint UNSIGNED NOT NULL AUTO_INCREMENT, AUTO_INCREMENT=5;

--
-- AUTO_INCREMENT for table `activity_logs`
--
ALTER TABLE `activity_logs`
  MODIFY `id` bigint UNSIGNED NOT NULL AUTO_INCREMENT, AUTO_INCREMENT=2;

--
-- AUTO_INCREMENT for table `axes`
--
ALTER TABLE `axes`
  MODIFY `id` bigint UNSIGNED NOT NULL AUTO_INCREMENT, AUTO_INCREMENT=3;

--
-- AUTO_INCREMENT for table `beneficiaries`
--
ALTER TABLE `beneficiaries`
  MODIFY `id` bigint UNSIGNED NOT NULL AUTO_INCREMENT, AUTO_INCREMENT=6;

--
-- AUTO_INCREMENT for table `beneficiary_registries`
--
ALTER TABLE `beneficiary_registries`
  MODIFY `id` bigint UNSIGNED NOT NULL AUTO_INCREMENT, AUTO_INCREMENT=7;

--
-- AUTO_INCREMENT for table `components`
--
ALTER TABLE `components`
  MODIFY `id` bigint UNSIGNED NOT NULL AUTO_INCREMENT, AUTO_INCREMENT=5;

--
-- AUTO_INCREMENT for table `failed_jobs`
--
ALTER TABLE `failed_jobs`
  MODIFY `id` bigint UNSIGNED NOT NULL AUTO_INCREMENT;

--
-- AUTO_INCREMENT for table `financiers`
--
ALTER TABLE `financiers`
  MODIFY `id` bigint UNSIGNED NOT NULL AUTO_INCREMENT, AUTO_INCREMENT=3;

--
-- AUTO_INCREMENT for table `goals`
--
ALTER TABLE `goals`
  MODIFY `id` bigint UNSIGNED NOT NULL AUTO_INCREMENT, AUTO_INCREMENT=3;

--
-- AUTO_INCREMENT for table `jobs`
--
ALTER TABLE `jobs`
  MODIFY `id` bigint UNSIGNED NOT NULL AUTO_INCREMENT;

--
-- AUTO_INCREMENT for table `kpis`
--
ALTER TABLE `kpis`
  MODIFY `id` bigint UNSIGNED NOT NULL AUTO_INCREMENT, AUTO_INCREMENT=3;

--
-- AUTO_INCREMENT for table `locations`
--
ALTER TABLE `locations`
  MODIFY `id` bigint UNSIGNED NOT NULL AUTO_INCREMENT, AUTO_INCREMENT=5;

--
-- AUTO_INCREMENT for table `migrations`
--
ALTER TABLE `migrations`
  MODIFY `id` int UNSIGNED NOT NULL AUTO_INCREMENT, AUTO_INCREMENT=83;

--
-- AUTO_INCREMENT for table `organizations`
--
ALTER TABLE `organizations`
  MODIFY `id` bigint UNSIGNED NOT NULL AUTO_INCREMENT, AUTO_INCREMENT=3;

--
-- AUTO_INCREMENT for table `planned_metrics`
--
ALTER TABLE `planned_metrics`
  MODIFY `id` bigint UNSIGNED NOT NULL AUTO_INCREMENT, AUTO_INCREMENT=2;

--
-- AUTO_INCREMENT for table `polygons`
--
ALTER TABLE `polygons`
  MODIFY `id` bigint UNSIGNED NOT NULL AUTO_INCREMENT, AUTO_INCREMENT=2;

--
-- AUTO_INCREMENT for table `programs`
--
ALTER TABLE `programs`
  MODIFY `id` bigint UNSIGNED NOT NULL AUTO_INCREMENT, AUTO_INCREMENT=5;

--
-- AUTO_INCREMENT for table `program_indicators`
--
ALTER TABLE `program_indicators`
  MODIFY `id` bigint UNSIGNED NOT NULL AUTO_INCREMENT, AUTO_INCREMENT=5;

--
-- AUTO_INCREMENT for table `projects`
--
ALTER TABLE `projects`
  MODIFY `id` bigint UNSIGNED NOT NULL AUTO_INCREMENT, AUTO_INCREMENT=3;

--
-- AUTO_INCREMENT for table `project_disbursements`
--
ALTER TABLE `project_disbursements`
  MODIFY `id` bigint UNSIGNED NOT NULL AUTO_INCREMENT;

--
-- AUTO_INCREMENT for table `project_reports`
--
ALTER TABLE `project_reports`
  MODIFY `id` bigint UNSIGNED NOT NULL AUTO_INCREMENT;

--
-- AUTO_INCREMENT for table `specific_objectives`
--
ALTER TABLE `specific_objectives`
  MODIFY `id` bigint UNSIGNED NOT NULL AUTO_INCREMENT, AUTO_INCREMENT=3;

--
-- AUTO_INCREMENT for table `users`
--
ALTER TABLE `users`
  MODIFY `id` bigint UNSIGNED NOT NULL AUTO_INCREMENT, AUTO_INCREMENT=3;

--
-- Constraints for dumped tables
--

--
-- Constraints for table `activity_files`
--
ALTER TABLE `activity_files`
  ADD CONSTRAINT `activity_files_activity_calendar_id_foreign` FOREIGN KEY (`activity_calendar_id`) REFERENCES `activity_calendars` (`id`) ON DELETE CASCADE;
COMMIT;

/*!40101 SET CHARACTER_SET_CLIENT=@OLD_CHARACTER_SET_CLIENT */;
/*!40101 SET CHARACTER_SET_RESULTS=@OLD_CHARACTER_SET_RESULTS */;
/*!40101 SET COLLATION_CONNECTION=@OLD_COLLATION_CONNECTION */;
